query_id,query_kind,query_exam_id,query_file,query_line,usage,peer_id,peer_file,peer_line,peer_note,classification,jaccard_stem,jaccard_combo,tfidf,seq,choice_hits,number_match,reason,judge_stem,judge_scene,judge_numbers,judge_choices,judge_correct_pos,judge_distractor,judge_explanation,statutory_or_general,fix_needed,fix_applied,rationale
generated:0009_original_questions_batch1.sql:154,択一,hygiene,supabase/migrations/0009_original_questions_batch1.sql,80,unused,eeb35d8e-ea2f-4a99-86b1-68a249063a54,supabase/migrations/20260904120000_pressure_chamber_2025_10_questions.sql,867,公益財団法人安全衛生技術試験協会 令和7年10月公表 高圧室内作業主任者試験 問39,KEEP_STATUTORY,0.0678,0.1758,0.4391,0.3478,0,subset,terminology_or_boilerplate,弱,なし,法定(3か月),不一致,不一致,不一致,弱,statutory,no,no,未使用の0009基礎問題。異常所見後の医師意見聴取期限は安衛法の法定手続。比較先は別試験の高気圧健診誤文選択で、場面・選択肢・正解位置は一致しない。
c50d6f57-3b80-4402-ba57-d949664bb3ef,択一,boiler2,supabase/migrations/20260904074925_boiler2_original_questions.sql,1073,in_use,cb205782-d09a-4016-b49c-0c7475f2d679,supabase/migrations/20260831100000_boiler2_past_exam_questions.sql,855,公益財団法人安全衛生技術試験協会 令和7年10月公表 二級ボイラー技士試験 問39,KEEP_STATUTORY,0.1915,0.2199,0.4091,0.459,0,none,short_topic_header,中,弱,なし,1肢が近接,不一致,一部近接,弱,statutory,yes,yes,貫流ボイラーの水位・燃焼連動はボイラー則の安全装置要件。正解肢をインターロック表現に差し替えたあと、残る一致は『水位喪失時に燃焼を止める』という法定機能だけ。正答は1番目のインターロック肢。他4肢は連動禁止・水面計義務の取り違え・手動給水のみ・送風機停止後の燃料継続でいずれも誤り。
27b9983d-39ad-4bd0-a3a2-b781259dd26f,択一,hygiene,supabase/migrations/20260904081327_hygiene_original_questions.sql,27,in_use,52135ad2-f09d-4a4b-a2dc-031c4859d4a6,supabase/migrations/0004_past_exam_questions.sql,1799,公益財団法人安全衛生技術試験協会 令和8年4月公表 第二種衛生管理者試験 問1,KEEP_STATUTORY,0.0727,0.1612,0.5673,0.3385,0,partial,short_topic_header,弱,なし,法定(50人),語彙のみ,一致は偶然,不一致,弱,statutory,no,no,衛生管理者の選任閾値50人は安衛法・安衛則の固定値。比較先は衛生管理体制の複合誤文で、場面も問う量も異なる。
abe36b46-fe95-4b50-9c7e-ae741d84eb1a,択一,hygiene,supabase/migrations/20260904081327_hygiene_original_questions.sql,135,in_use,a3b53f66-c155-479f-a0e9-c77dab0729a1,supabase/migrations/0004_past_exam_questions.sql,1455,公益財団法人安全衛生技術試験協会 令和7年10月公表 第一種衛生管理者試験 問27,KEEP_STATUTORY,0.1486,0.1609,0.4337,0.2951,0,partial,terminology_or_boilerplate,弱,なし,法定(6か月/8割/10日),日数語彙,不一致,不一致,弱,statutory,no,no,通常労働者の初回年休10日は労基法39条。比較先は比例付与の別労働者設定。8割出勤は条文文言。
a6c26069-5acb-4c53-bb2f-ff1f8a5d8b23,択一,hygiene,supabase/migrations/20260904081327_hygiene_original_questions.sql,1138,in_use,bf861a77-76db-4c50-893e-0d6cbad25924,supabase/migrations/0004_past_exam_questions.sql,788,公益財団法人安全衛生技術試験協会 令和8年4月公表 第一種衛生管理者試験 問37,KEEP_GENERAL,0.25,0.1414,0.3448,0.5714,0,none,short_topic_header,弱,なし,なし,1肢が教科書定義,一致は偶然,不一致,弱,general,no,no,中枢神経＝脳と脊髄は教科書定義。比較先は誤文選択で、正解肢以外の命題集合は一致しない。
c854107e-b713-48e1-8d2a-a05b9493508f,択一,hygiene,supabase/migrations/20260904083023_hygiene_type1_exclusive_questions.sql,10,in_use,52135ad2-f09d-4a4b-a2dc-031c4859d4a6,supabase/migrations/0004_past_exam_questions.sql,1799,公益財団法人安全衛生技術試験協会 令和8年4月公表 第二種衛生管理者試験 問1,KEEP_STATUTORY,0.1296,0.2168,0.5803,0.3881,0,subset,short_topic_header,弱,なし,法定(1000人超),語彙のみ,一致は偶然,不一致,弱,statutory,no,no,専任衛生管理者の1000人超は安衛則7条。比較先は900人+深夜業の別場面。
d518d98f-ecee-4ddd-8cbc-751619195131,択一,hygiene,supabase/migrations/20260904083023_hygiene_type1_exclusive_questions.sql,37,in_use,52135ad2-f09d-4a4b-a2dc-031c4859d4a6,supabase/migrations/0004_past_exam_questions.sql,1799,公益財団法人安全衛生技術試験協会 令和8年4月公表 第二種衛生管理者試験 問1,KEEP_STATUTORY,0.0345,0.2009,0.53,0.2727,0,partial,short_topic_header,弱,なし,法定(1000人),語彙のみ,一致は偶然,不一致,弱,statutory,no,no,専属産業医の1000人は安衛則13条。比較先は衛生管理体制の複合問で、専属産業医は一肢に過ぎない。
5e25a8b0-fb5f-4598-b387-05740efc2355,択一,hygiene,supabase/migrations/20260904083023_hygiene_type1_exclusive_questions.sql,199,in_use,379fbb75-d883-4708-9f08-8704a7a1a6e6,supabase/migrations/0004_past_exam_questions.sql,711,公益財団法人安全衛生技術試験協会 令和8年4月公表 第一種衛生管理者試験 問33,KEEP_GENERAL,0.1366,0.1224,0.3412,0.3,0,partial,terminology_or_boilerplate,中,弱,教科書(0.018),不一致(量の単位が違う),不一致,不一致,逆算,general,no,no,必要換気量の公式と呼出CO2 0.018 m³/hは教科書値。問う量は1人換気量で、比較先は在室人数。手順は逆向き。
014ffd9f-fb00-408a-a9db-df3dac32ef84,択一,crane_all,supabase/migrations/20260904090843_crane_all_original_questions.sql,436,in_use,957e7fc0-6300-4e88-b580-0db230b757fc,supabase/migrations/20260901120100_crane_all_past_exam_questions.sql,1328,公益財団法人安全衛生技術試験協会 令和8年4月公表 クレーン・デリック運転士（限定なし）試験 問19,KEEP_STATUTORY,0.2162,0.1538,0.2933,0.5306,0,none,short_topic_header,弱,なし,法定(5t),不一致,不一致,不一致,弱,statutory,no,no,跨線テルハの特別教育はクレーン則の就業制限。比較先はデリック運転・玉掛けの別機械。
038921ae-12ff-4a86-a82b-42dcec2c5718,択一,crane_all,supabase/migrations/20260904090843_crane_all_original_questions.sql,463,in_use,75bb0c07-4a24-49b2-95cf-429a5c817af8,supabase/migrations/20260902140000_mobile_crane_2026_04_questions.sql,578,公益財団法人安全衛生技術試験協会 令和8年4月公表 移動式クレーン運転士試験 問28,KEEP_STATUTORY,0.5909,0.1367,0.4118,0.8718,0,full,short_topic_header,短題で中,なし,法定(1年/1月),不一致,不一致,不一致,弱,statutory,no,no,年次・月次の自主検査周期はクレーン則。比較先は移動式の点検項目・記録年限の複合問。
9e6d940c-d7ae-47b2-8131-c050f8fcc796,択一,crane_all,supabase/migrations/20260904090843_crane_all_original_questions.sql,598,in_use,845495ff-ddb9-4471-b112-e3495c5b95dd,supabase/migrations/20260901120100_crane_all_past_exam_questions.sql,1412,公益財団法人安全衛生技術試験協会 令和8年4月公表 クレーン・デリック運転士（限定なし）試験 問23,KEEP_GENERAL,0.2368,0.1242,0.4867,0.5882,0,none,short_topic_header,弱,なし,なし,不一致,不一致,不一致,弱,general,no,no,三相誘導電動機の回転磁界は教科書。比較先はすべり数値や巻線形構造の別命題。
1bb6a93e-6736-4048-8ab0-31958054d561,択一,mobile_crane,supabase/migrations/20260904092212_mobile_crane_original_questions.sql,4,in_use,1d6c3e86-335c-48ef-932c-d6c934fe48b5,supabase/migrations/20260902133100_mobile_crane_2025_10_questions.sql,24,公益財団法人安全衛生技術試験協会 令和7年10月公表 移動式クレーン運転士試験 問2,KEEP_GENERAL,0.4516,0.1299,0.3297,0.8163,0,none,short_topic_header,短題で中,なし,なし,不一致,不一致,不一致,弱,general,no,no,型式名の説明。比較先の正解はラフテレーン車軸で、オリジナルの正解はトラッククレーンの運転室分割。
7500a9be-dfd0-4566-8b51-f79152099655,択一,mobile_crane,supabase/migrations/20260904092212_mobile_crane_original_questions.sql,31,in_use,6544cbe0-ecb4-4839-8e9b-5ac6de8dfe27,supabase/migrations/20260901120100_crane_all_past_exam_questions.sql,69,公益財団法人安全衛生技術試験協会 令和7年10月公表 クレーン・デリック運転士（限定なし）試験 問1,KEEP_GENERAL,0.3462,0.156,0.4007,0.6667,0,none,short_topic_header,弱,なし,なし,定義1肢が近い,不一致,不一致,弱,general,no,no,ジブ傾斜角＝中心線と水平面のなす角はJIS/教科書定義。避けられない用語一致。
9b1b2a94-6a07-4d54-8cef-fba99f0e2945,択一,mobile_crane,supabase/migrations/20260904092212_mobile_crane_original_questions.sql,166,in_use,08294c85-e1cb-4248-a2c1-824e5b4b3242,supabase/migrations/20260904130100_cargo_gear_2026_04_questions.sql,111,公益財団法人安全衛生技術試験協会 令和8年4月公表 揚貨装置運転士試験 問3,KEEP_GENERAL,0.3333,0.1273,0.496,0.6364,0,none,short_topic_header,弱,なし,なし,不一致,不一致,不一致,弱,general,no,no,ワイヤロープ点検項目は一般知識。比較先はSよりZより・ラングよりの別論点。
f5c03d95-5e27-45cd-be71-d81aa63555f5,択一,mobile_crane,supabase/migrations/20260904092212_mobile_crane_original_questions.sql,193,in_use,6cb3a30e-bf27-48e9-a028-62d9ddd775db,supabase/migrations/20260902140000_mobile_crane_2026_04_questions.sql,153,公益財団法人安全衛生技術試験協会 令和8年4月公表 移動式クレーン運転士試験 問8,KEEP_GENERAL,0.5333,0.1402,0.3685,0.8,0,none,short_topic_header,短題で中,なし,なし,不一致,一致は偶然,不一致,弱,general,no,no,巻過防止の機能説明。比較先の正解は外れ止めで、装置の対応が違う。
45f7977f-2c97-4b07-bea5-ebd3b89f6c2a,択一,mobile_crane,supabase/migrations/20260904092212_mobile_crane_original_questions.sql,603,in_use,957e7fc0-6300-4e88-b580-0db230b757fc,supabase/migrations/20260901120100_crane_all_past_exam_questions.sql,1328,公益財団法人安全衛生技術試験協会 令和8年4月公表 クレーン・デリック運転士（限定なし）試験 問19,KEEP_STATUTORY,0.3529,0.1298,0.2332,0.64,0,partial,short_topic_header,弱,なし,法定(5t/1t),不一致,一致は偶然,不一致,弱,statutory,no,no,移動式の免許・技能講習・特別教育のトン境は政令。比較先はデリックの別シナリオ。
bf1bd7e3-82a4-4d72-bbbe-8d9215e552b3,択一,mobile_crane,supabase/migrations/20260904092212_mobile_crane_original_questions.sql,1035,in_use,fa56ef51-2c32-435e-9645-08b4386c49d6,supabase/migrations/20260901120100_crane_all_past_exam_questions.sql,871,公益財団法人安全衛生技術試験協会 令和7年10月公表 クレーン・デリック運転士（限定なし）試験 問38,KEEP_GENERAL,0.1553,0.1436,0.2296,0.4513,0,partial,statutory_or_formula_numbers,弱,別場面,9.8のみ共有,不一致,不一致,不一致,同族公式,general,no,no,2本ロープの張力は力学の定番。質量2000 kgと60°は比較先(10 kg・鉛直30°)と違う。g=9.8は物理定数。
5e57b6ad-8711-4672-a364-80573c3ef59f,択一,mobile_crane,supabase/migrations/20260904092212_mobile_crane_original_questions.sql,1062,in_use,aabc38c2-5ed8-4aee-a813-923b24372eac,supabase/migrations/20260901120100_crane_all_past_exam_questions.sql,1602,公益財団法人安全衛生技術試験協会 令和8年4月公表 クレーン・デリック運転士（限定なし）試験 問32,FALSE_POSITIVE,0.0226,0.0823,0.4287,0.1549,0,partial,terminology_or_boilerplate,なし,なし,kN語彙,単位の偶然一致,不一致,不一致,なし,general,no,no,4本支持の理想滑車。比較先は天井クレーンの支点反力。共有はkN選択肢の桁だけ。
7bdd6ebf-56c5-4287-be0e-62eba331049c,択一,xray,supabase/migrations/20260904093529_xray_original_questions.sql,4,in_use,bef8f0cd-d83c-4e3a-ba05-df883fd7e279,supabase/migrations/20260903110000_xray_2025_10_questions.sql,70,公益財団法人安全衛生技術試験協会 令和7年10月公表 エックス線作業主任者試験 問1,KEEP_GENERAL,0.3333,0.1325,0.452,0.7,0,none,short_topic_header,弱,なし,なし,不一致,不一致,不一致,弱,general,no,no,熱電子とターゲット衝突は教科書。比較先は実焦点・特性X線の別命題。
0e6a7bd9-be4d-43e7-aafd-886d4ffaa80e,択一,xray,supabase/migrations/20260904093529_xray_original_questions.sql,85,in_use,9b4d9560-e4b2-4b0f-abe9-580c662362e1,supabase/migrations/20260903110100_xray_2026_04_questions.sql,132,公益財団法人安全衛生技術試験協会 令和8年4月公表 エックス線作業主任者試験 問4,KEEP_GENERAL,0.6667,0.1769,0.4274,0.8235,0,none,short_topic_header,短題で中,なし,なし,不一致,一致は偶然,不一致,弱,general,no,no,干渉性散乱の定義。比較先の正解は光電効果の用語誤りで、命題集合が違う。
88661c2e-9dab-49b6-81c8-5f4d4f2d090e,択一,xray,supabase/migrations/20260904093529_xray_original_questions.sql,544,in_use,1246f74a-7fcc-4e58-bd2d-190c38776bf3,supabase/migrations/20260903110000_xray_2025_10_questions.sql,503,公益財団法人安全衛生技術試験協会 令和7年10月公表 エックス線作業主任者試験 問21,KEEP_GENERAL,0.303,0.1316,0.0288,0.6809,0,none,short_topic_header,弱,なし,なし,不一致,不一致,不一致,弱,general,no,no,Sv/Gy/Bqの対応はSI。比較先はフルエンス等の別組合せ。
abcc20a4-4132-4f8a-adec-17c7005173c7,択一,diver,supabase/migrations/20260904093530_diver_original_questions.sql,4,in_use,622a4f6b-3ed2-4e87-bff1-91afb5e469b5,supabase/migrations/20260903120000_diver_2025_10_questions.sql,69,公益財団法人安全衛生技術試験協会 令和7年10月公表 潜水士試験 問1,KEEP_GENERAL,0.0261,0.1176,0.3806,0.2727,0,partial,terminology_or_boilerplate,弱,別場面,0.10/10mは教科書,不一致,不一致,不一致,弱,general,no,no,水深20 mの絶対圧と酸素分圧。比較先はゲージ0.3 MPaの窒素分圧。10 m=0.1 MPaは一般換算。
424484ed-493b-4555-bc39-5c8d646582d8,択一,diver,supabase/migrations/20260904093530_diver_original_questions.sql,787,in_use,c95f1673-ed20-49ba-ba0f-8c25aa3f2aa9,supabase/migrations/20260903120100_diver_2026_04_questions.sql,678,公益財団法人安全衛生技術試験協会 令和8年4月公表 潜水士試験 問30,KEEP_GENERAL,0.1111,0.1261,0.3219,0.4091,0,partial,terminology_or_boilerplate,弱,なし,なし,不一致,不一致,不一致,弱,general,no,no,BLSの反応・呼吸・胸骨圧迫はガイドライン。比較先の正解は柔らかい布団の誤文。
6c7e7171-6498-4f39-b6b0-bf3410c0c6ac,択一,diver,supabase/migrations/20260904093530_diver_original_questions.sql,841,in_use,ff875c0c-1d05-4323-b8c0-790944645193,supabase/migrations/20260903120000_diver_2025_10_questions.sql,723,公益財団法人安全衛生技術試験協会 令和7年10月公表 潜水士試験 問32,KEEP_STATUTORY,0.1163,0.1345,0.477,0.3846,0,none,terminology_or_boilerplate,弱,なし,なし,法定対象の重なり,一致は偶然,不一致,弱,statutory,no,no,送気バルブ操作が特別教育対象であることは高気圧則11条。比較先は水深10 m未満の誤文。
1ce601b3-74b7-428f-bffb-6230dfd84e05,択一,diver,supabase/migrations/20260904093530_diver_original_questions.sql,868,in_use,061050d5-ee39-4ba5-9135-cee2ec923ec1,supabase/migrations/20260903120000_diver_2025_10_questions.sql,744,公益財団法人安全衛生技術試験協会 令和7年10月公表 潜水士試験 問33,KEEP_STATUTORY,0.1402,0.1946,0.5935,0.3249,0,partial,statutory_or_formula_numbers,強,同型,入力1つ違い,深度列が同型,不一致,同型,同式,statutory,yes,yes,比較先と同型だった『調整器なし・圧縮機能力→最大水深』をやめ、水深25 mで必要な水面換算能力を問う形に変えた。残る一致は高気圧則28条の60 L/minと換算式60×(D+10)/10だけ。独立再計算: 60×35/10=210。正答210 L（3番目）・誤答150/180/240/300。法令値は未変更。
7864ad3e-048a-402e-ab04-1bf54d3dbf0e,択一,diver,supabase/migrations/20260904093530_diver_original_questions.sql,922,in_use,ec6060ad-5543-472c-9a12-e4bff9615421,supabase/migrations/20260903120000_diver_2025_10_questions.sql,786,公益財団法人安全衛生技術試験協会 令和7年10月公表 潜水士試験 問35,KEEP_STATUTORY,0.2326,0.1204,0.5885,0.5614,0,subset,short_topic_header,弱,なし,法定(2人以下に1人),比の文言,不一致,不一致,弱,statutory,no,no,連絡員の配置比は高気圧則36条。比較先は連絡員の職務列挙の誤文選択。
0cc0511c-425b-4617-99c1-070276f5557b,択一,diver,supabase/migrations/20260904093530_diver_original_questions.sql,976,in_use,eeb35d8e-ea2f-4a99-86b1-68a249063a54,supabase/migrations/20260904120000_pressure_chamber_2025_10_questions.sql,867,公益財団法人安全衛生技術試験協会 令和7年10月公表 高圧室内作業主任者試験 問39,KEEP_STATUTORY,0.36,0.135,0.5339,0.65,0,subset,short_topic_header,弱,なし,法定(雇入/配置/6月),不一致,不一致,不一致,弱,statutory,no,no,高気圧健診の実施時期は高気圧則38条。比較先の正解は結果通知期限の誤文。
e080822c-70cd-46c9-b9be-f702e99cba5b,択一,pressure_chamber,supabase/migrations/20260904093532_pressure_chamber_original_questions.sql,220,in_use,efb11690-018e-4034-a7be-5096f0300e06,supabase/migrations/20260904120100_pressure_chamber_2026_04_questions.sql,266,公益財団法人安全衛生技術試験協会 令和8年4月公表 高圧室内作業主任者試験 問10,KEEP_GENERAL,0.3636,0.1378,0.307,0.6939,0,none,short_topic_header,弱,なし,なし,不一致,不一致,不一致,弱,general,no,no,圧気の有害ガス測定の必要性。比較先の正解はCOとグロブリンの誤文。
2270aad9-a18a-4a66-a065-1d0056bf5507,択一,pressure_chamber,supabase/migrations/20260904093532_pressure_chamber_original_questions.sql,896,in_use,118ab76e-7c65-448f-9e0c-3caac351a5b1,supabase/migrations/20260904120000_pressure_chamber_2025_10_questions.sql,762,公益財団法人安全衛生技術試験協会 令和7年10月公表 高圧室内作業主任者試験 問34,KEEP_STATUTORY,0.1404,0.2254,0.402,0.4058,0,none,terminology_or_boilerplate,弱,なし,なし,法定対象リスト,不一致,不一致,弱,statutory,no,no,特別教育対象業務のリストは高気圧則11条。比較先は圧縮機『点検』が対象外という条文そのもの。
d11da945-0f21-4b75-b8df-5cfd50510d62,択一,pressure_chamber,supabase/migrations/20260904093532_pressure_chamber_original_questions.sql,923,in_use,5f4ef1e0-41ab-4f98-bbcd-aae8affd0182,supabase/migrations/20260904120100_pressure_chamber_2026_04_questions.sql,791,公益財団法人安全衛生技術試験協会 令和8年4月公表 高圧室内作業主任者試験 問35,KEEP_STATUTORY,0.1467,0.1885,0.3921,0.4444,0,none,short_topic_header,弱,なし,なし,法定計画事項,不一致,不一致,弱,statutory,no,no,作業計画に示す事項は高気圧則12条の2。比較先の非該当事項は平均作業圧力。
27d942e3-03ea-40b1-9bcc-9a38c64ae299,択一,cargo_gear,supabase/migrations/20260904093533_cargo_gear_original_questions.sql,436,in_use,af6e94bb-9a97-45bd-8a15-3fcf7080265f,supabase/migrations/20260902140000_mobile_crane_2026_04_questions.sql,557,公益財団法人安全衛生技術試験協会 令和8年4月公表 移動式クレーン運転士試験 問27,KEEP_STATUTORY,0.1333,0.1531,0.4307,0.3273,1,subset,terminology_or_boilerplate,中,同型,8/6/4/9の組,4肢が同型,一致していた,同型,弱,statutory,yes,yes,使用禁止の直前％セットをやめ、『まだ使えるもの』に反転。正答は直径減6％（2番目）。キンク・形崩れ・鎖伸び6％・リンク減12％は安衛則471/472の禁止側。残る一致は10％素線切れ・7％超径減・5％超伸び・10％超リンク減の法令値だけ。6％<7％超なので使用可、独立判定済み。
heart-circulation,learn,hygiene,src/lib/data/learn-content.ts,184,in_use,85882294-cc3a-4010-8ef6-94f554f930db,supabase/migrations/0004_past_exam_questions.sql,1627,公益財団法人安全衛生技術試験協会 令和7年10月公表 第一種衛生管理者試験 問36,KEEP_GENERAL,0.002,0.1306,0.3756,0.0308,0,none,terminology_or_boilerplate,弱,なし,なし,n/a,n/a,n/a,中,general,yes,yes,伝導系→体循環／肺循環→動脈硬化の比較先順を、左右心室の出口→肺動静脈の中身→内膜沈着に組み替えた。残る一致は左心室＝大動脈、右心室＝肺動脈という解剖の定義だけ。特定問題の誤肢（左心室→肺動脈）は教材の結論列に置いていない。
nervous-system,learn,hygiene,src/lib/data/learn-content.ts,198,in_use,59b64bfe-e756-497f-8464-bc27fdb5c0d7,supabase/migrations/0004_past_exam_questions.sql,1723,公益財団法人安全衛生技術試験協会 令和7年10月公表 第一種衛生管理者試験 問41,KEEP_GENERAL,0.004,0.151,0.5201,0.0243,0,none,shared_topic_vocabulary,弱,なし,なし,n/a,n/a,n/a,中,general,yes,yes,皮質／髄質の対と交感ペアの試験向け分岐をやめ、機能（随意／生命維持）から入る構成にした。残る一致は中枢＝脳と脊髄、交感＝心拍増加という教科書定義。延髄＝随意運動、という比較先誤肢は残していない。
blood-composition,learn,hygiene,src/lib/data/learn-content.ts,240,in_use,28a15fdf-bc8f-4cfe-a431-0746f562a6d9,supabase/migrations/0004_past_exam_questions.sql,845,公益財団法人安全衛生技術試験協会 令和8年4月公表 第一種衛生管理者試験 問40,KEEP_GENERAL,0.0,0.1964,0.531,0.021,0,subset,shared_topic_vocabulary,中,中,60％の誤図,n/a,n/a,n/a,強,general,yes,yes,血球・血漿の教科書説明を『運ぶ・守る・固める』の機能順に組み替えた。残る一致はヘマトクリット約40％、赤血球寿命約120日、好中球・リンパ球の一般割合だけ。数値は教科書値で変更不可。
muscle-movement,learn,hygiene,src/lib/data/learn-content.ts,254,in_use,5bb7b00f-aa7c-4561-a0c1-5a42ae242877,supabase/migrations/0004_past_exam_questions.sql,1742,公益財団法人安全衛生技術試験協会 令和7年10月公表 第一種衛生管理者試験 問42,KEEP_GENERAL,0.0,0.2013,0.5512,0.021,0,none,shared_topic_vocabulary,強,強,なし,n/a,n/a,n/a,強,general,yes,yes,骨格筋・平滑筋・心筋の対比を収縮様式と酸化の行き先から書き直した。残る一致は等張性／等尺性の一般定義とグリコーゲン酸化だけ。法令値なし。
thermoregulation,learn,hygiene,src/lib/data/learn-content.ts,268,in_use,1ab9155c-f653-4900-bfcc-8fd5d1cde2ee,supabase/migrations/0004_past_exam_questions.sql,883,公益財団法人安全衛生技術試験協会 令和8年4月公表 第一種衛生管理者試験 問42,KEEP_GENERAL,0.0041,0.1506,0.4778,0.0245,0,full,terminology_or_boilerplate,弱,弱,100g/70kg/1℃,n/a,n/a,n/a,中,general,yes,yes,100 g・70 kg・1℃の気化冷却例は教科書の概算で数値は維持。文の切り出しだけ変えた。残る一致はその概算と視床下部という一般生理。比較先の五肢束は残していない。
noise-health,learn,hygiene,src/lib/data/learn-content.ts,380,in_use,957b12bf-bb08-4e45-8c6b-21e4e093fb92,supabase/migrations/0004_past_exam_questions.sql,344,公益財団法人安全衛生技術試験協会 令和8年4月公表 第一種衛生管理者試験 問14,KEEP_GENERAL,0.0089,0.1215,0.36,0.0588,0,none,terminology_or_boilerplate,弱,なし,なし,n/a,n/a,n/a,中,general,yes,yes,発生源→経路→受音者は騒音管理の一般枠。『試験で問われます』をガイドライン実施の肯定文に変えた。残る一致はこの三層枠だけ。
wbgt,learn,hygiene,src/lib/data/learn-content.ts,436,in_use,2f7a8096-e81f-4c3a-9019-67dfdf047a31,supabase/migrations/0004_past_exam_questions.sql,616,公益財団法人安全衛生技術試験協会 令和8年4月公表 第一種衛生管理者試験 問28,KEEP_GENERAL,0.0,0.2191,0.6279,0.0176,0,none,shared_topic_vocabulary,弱,なし,なし,n/a,n/a,n/a,中,general,yes,yes,『基準値未満でリスクが高まる』という逆記述ミラーを削除し、WBGTを気温の別名ではない熱ストレス指標として説明した。残る一致は湿球・黒球・乾球という指標の定義要素だけ。基準値の法令・指針値は変えていない（式の暗記もしていない）。
lifting-posture,learn,hygiene,src/lib/data/learn-content.ts,450,in_use,266aa559-362c-4085-aa5c-555c7363c6c7,supabase/migrations/0004_past_exam_questions.sql,692,公益財団法人安全衛生技術試験協会 令和8年4月公表 第一種衛生管理者試験 問32,KEEP_STATUTORY,0.0396,0.1713,0.552,0.1072,0,subset,shared_topic_vocabulary,中,中,法定指針18/40％,n/a,n/a,n/a,中,statutory,yes,yes,18歳・体重40％・6か月は腰痛予防指針の目安で変更不可。持ち上げ手順を『荷に近づき股関節を曲げる』に変えた。残る一致は指針値と膝を伸ばした前屈が負担、という一般指導。
food-poisoning,learn,hygiene,src/lib/data/learn-content.ts,464,in_use,41ffdc46-93fc-4e01-87e7-246f50ef27e3,supabase/migrations/0004_past_exam_questions.sql,1513,公益財団法人安全衛生技術試験協会 令和7年10月公表 第一種衛生管理者試験 問30,KEEP_GENERAL,0.002,0.1485,0.4568,0.0214,0,full,terminology_or_boilerplate,中,中,O-157/O-111,n/a,n/a,n/a,強,general,yes,yes,感染型／毒素型の菌名リスト歩きをやめ、予防の共通項から入る構成にした。残る一致はカンピロバクター・黄色ブドウ球菌・ノロウイルスの一般分類だけ。特定問題の誤肢順は残していない。
hygiene-manager-appointment,learn,hygiene,src/lib/data/learn-content.ts,478,in_use,3a63b701-2a3c-4771-855b-36b750b4883e,supabase/migrations/0004_past_exam_questions.sql,2379,公益財団法人安全衛生技術試験協会 令和7年10月公表 第二種衛生管理者試験 問1,KEEP_STATUTORY,0.0148,0.1165,0.5006,0.0371,0,partial,shared_topic_vocabulary,なし,なし,法定閾値,n/a,n/a,n/a,弱,statutory,no,no,選任人数表。50/500/1000は安衛法令任。比較先の深夜業シナリオは再現していない。
industrial-physician-appointment,learn,hygiene,src/lib/data/learn-content.ts,516,in_use,3a63b701-2a3c-4771-855b-36b750b4883e,supabase/migrations/0004_past_exam_questions.sql,2379,公益財団法人安全衛生技術試験協会 令和7年10月公表 第二種衛生管理者試験 問1,KEEP_STATUTORY,0.0175,0.1134,0.5213,0.083,0,partial,shared_topic_vocabulary,なし,なし,法定閾値,n/a,n/a,n/a,なし,statutory,no,no,産業医・総括の選任表。法定床だけが重なる。
health-checkup-records,learn,hygiene,src/lib/data/learn-content.ts,549,in_use,eeb35d8e-ea2f-4a99-86b1-68a249063a54,supabase/migrations/20260904120000_pressure_chamber_2025_10_questions.sql,867,公益財団法人安全衛生技術試験協会 令和7年10月公表 高圧室内作業主任者試験 問39,FALSE_POSITIVE,0.0105,0.0801,0.4529,0.0615,0,subset,terminology_or_boilerplate,なし,なし,なし,n/a,n/a,n/a,なし,accidental,no,no,一般健診の保存。比較先は高気圧健診。LCSは『があると』程度。
working-hours-rest,learn,hygiene,src/lib/data/learn-content.ts,575,in_use,b7e4ebc5-b28e-4402-ba60-f02af38fa848,supabase/migrations/0004_past_exam_questions.sql,1436,公益財団法人安全衛生技術試験協会 令和7年10月公表 第一種衛生管理者試験 問26,KEEP_STATUTORY,0.0155,0.1257,0.4717,0.0553,0,partial,terminology_or_boilerplate,なし,なし,法定60分,n/a,n/a,n/a,なし,statutory,no,no,8時間・40時間・休憩45/60分は労基法。比較先の監視断続・フレックスは無い。
paid-leave,learn,hygiene,src/lib/data/learn-content.ts,611,in_use,71dfffae-d042-430a-ab93-b29221a598ba,supabase/migrations/0004_past_exam_questions.sql,574,公益財団法人安全衛生技術試験協会 令和8年4月公表 第一種衛生管理者試験 問26,KEEP_STATUTORY,0.0962,0.0917,0.4246,0.12,0,partial,terminology_or_boilerplate,弱,なし,法定8割/付与表,n/a,n/a,n/a,弱,statutory,no,no,年休付与表。8割出勤は労基法39条文言。比較先の週20時間・3日の労働者は無い。
crane-types-structure,learn,crane_all,src/lib/data/learn/crane-all-topics.ts,58,in_use,492a350d-b075-4041-b9cb-e650c8b4ae1f,supabase/migrations/20260901120100_crane_all_past_exam_questions.sql,937,公益財団法人安全衛生技術試験協会 令和8年4月公表 クレーン・デリック運転士（限定なし）試験 問1,KEEP_GENERAL,0.0019,0.1379,0.4082,0.0297,0,none,terminology_or_boilerplate,中,中,混在,n/a,n/a,n/a,中,general,yes,yes,天井／ジブ等の型式語を一列の五語束から、用途と構造の対比へ崩した。残る一致は天井クレーン・ジブクレーンというJIS/教科書の型式名だけ。型式名は変更できない。
derrick-types-structure,learn,crane_all,src/lib/data/learn/crane-all-topics.ts,72,in_use,07af7c33-a859-4289-9a69-69f480dcad15,supabase/migrations/20260901120100_crane_all_past_exam_questions.sql,1091,公益財団法人安全衛生技術試験協会 令和8年4月公表 クレーン・デリック運転士（限定なし）試験 問8,KEEP_GENERAL,0.0067,0.1721,0.6198,0.0202,0,partial,shared_topic_vocabulary,中,中,混在,n/a,n/a,n/a,中,general,yes,yes,ガイ／スチフレッグ／ジンポール／鳥居／二又の分類を、マストの支え方から説明する順にした。残る一致は型式名と旋回範囲の慣用（約240°）。型式名は一般分類。
hoist-and-brake,learn,crane_all,src/lib/data/learn/crane-all-topics.ts,114,in_use,2959946b-e878-41db-83c5-67954c8661ac,supabase/migrations/20260901120100_crane_all_past_exam_questions.sql,203,公益財団法人安全衛生技術試験協会 令和7年10月公表 クレーン・デリック運転士（限定なし）試験 問7,KEEP_STATUTORY,0.0057,0.148,0.429,0.0354,0,subset,terminology_or_boilerplate,中,中,混在,n/a,n/a,n/a,中,statutory,yes,yes,制動トルク150％は構造規格の数値で維持。装置5種の歩き方を、巻上経路とブレーキ位置の説明に変えた。残る一致は150％と巻過防止の法令用語。
lubrication-daily-check,learn,crane_all,src/lib/data/learn/crane-all-topics.ts,128,in_use,02abc069-ac29-49b4-9ded-2fa6de7a2963,supabase/migrations/20260901120100_crane_all_past_exam_questions.sql,1042,公益財団法人安全衛生技術試験協会 令和8年4月公表 クレーン・デリック運転士（限定なし）試験 問6,KEEP_GENERAL,0.1551,0.1509,0.394,0.2933,0,subset,terminology_or_boilerplate,中,中,混在,n/a,n/a,n/a,中,general,yes,yes,密封減速機・グリースカップ・集中給油の実務5文を、給油箇所の見方に組み替えた。残る一致は密封減速機は日常給油しない、という一般取扱い。法定周期ではない。
installation-notification,learn,crane_all,src/lib/data/learn/crane-all-topics.ts,195,in_use,46eabefc-4b6f-4a68-9fb9-d28da23c763f,supabase/migrations/20260901120100_crane_all_past_exam_questions.sql,1306,公益財団法人安全衛生技術試験協会 令和8年4月公表 クレーン・デリック運転士（限定なし）試験 問18,KEEP_STATUTORY,0.0428,0.2496,0.5704,0.1149,0,partial,shared_topic_vocabulary,中,中,法定30日/10日/2t,n/a,n/a,n/a,中,statutory,no,no,設置許可・届出の日数とトン境はクレーン則。例題トン数は比較先と違う。
completion-performance-inspection,learn,crane_all,src/lib/data/learn/crane-all-topics.ts,210,in_use,ac7cefed-bcd2-4d06-bedd-f3f8155ee11b,supabase/migrations/20260901120100_crane_all_past_exam_questions.sql,1217,公益財団法人安全衛生技術試験協会 令和8年4月公表 クレーン・デリック運転士（限定なし）試験 問14,KEEP_STATUTORY,0.0417,0.22,0.5047,0.1239,0,none,shared_topic_vocabulary,中,なし,なし,n/a,n/a,n/a,中,statutory,no,no,落成/性能/変更の試験項目は法定マトリクス。
inspection-certificate,learn,crane_all,src/lib/data/learn/crane-all-topics.ts,223,in_use,f5b11f26-222e-47b4-a9af-5489927c2b86,supabase/migrations/20260902140000_mobile_crane_2026_04_questions.sql,450,公益財団法人安全衛生技術試験協会 令和8年4月公表 移動式クレーン運転士試験 問22,KEEP_STATUTORY,0.0239,0.189,0.4896,0.0772,0,full,shared_topic_vocabulary,中,なし,法定10日,n/a,n/a,n/a,中,statutory,no,no,検査証の書換え10日は法定。移動式の経由先はコピーしていない。
operator-license,learn,crane_all,src/lib/data/learn/crane-all-topics.ts,236,in_use,e4aecf6c-56b1-47db-b5c2-b1773a5046f5,supabase/migrations/20260901120100_crane_all_past_exam_questions.sql,287,公益財団法人安全衛生技術試験協会 令和7年10月公表 クレーン・デリック運転士（限定なし）試験 問11,KEEP_STATUTORY,0.2152,0.2072,0.5747,0.227,0,full,shared_topic_vocabulary,中,中,混在,n/a,n/a,n/a,中,statutory,yes,yes,5 t境界と取消し後1年は安衛法・クレーン則。30日返還などの誤記キーを本文の結論列から外した。残る一致は5 tと1年欠格だけ。
periodic-self-inspection,learn,crane_all,src/lib/data/learn/crane-all-topics.ts,249,in_use,90de5135-3fce-48ce-879b-b321d31e16c6,supabase/migrations/20260901120100_crane_all_past_exam_questions.sql,1349,公益財団法人安全衛生技術試験協会 令和8年4月公表 クレーン・デリック運転士（限定なし）試験 問20,KEEP_STATUTORY,0.0122,0.182,0.4887,0.0576,0,full,shared_topic_vocabulary,中,中,混在,n/a,n/a,n/a,中,statutory,yes,yes,年次1年・月次1月・記録3年はクレーン則の法定周期。誤記4＋正1の並びを周期ごとの肯定説明に変えた。残る一致はこの3つの年限だけ。
ac-dc-basics,learn,crane_all,src/lib/data/learn/crane-all-topics.ts,288,in_use,ff1b7f22-8da4-4118-a7b0-918d5c6338dd,supabase/migrations/20260901120100_crane_all_past_exam_questions.sql,505,公益財団法人安全衛生技術試験協会 令和7年10月公表 クレーン・デリック運転士（限定なし）試験 問21,KEEP_GENERAL,0.005,0.1439,0.4214,0.0311,0,none,terminology_or_boilerplate,中,中,混在,n/a,n/a,n/a,中,general,yes,yes,交直流の定義を、向きが変わるか／整流後は脈流か、から説明した。特別高圧送電と三相の誤定義並びは外した。残る一致は交流＝向きが変わる、という教科書定義。
motor-types,learn,crane_all,src/lib/data/learn/crane-all-topics.ts,302,in_use,845495ff-ddb9-4471-b112-e3495c5b95dd,supabase/migrations/20260901120100_crane_all_past_exam_questions.sql,1412,公益財団法人安全衛生技術試験協会 令和8年4月公表 クレーン・デリック運転士（限定なし）試験 問23,KEEP_GENERAL,0.0045,0.129,0.5221,0.056,0,subset,shared_topic_vocabulary,中,中,混在,n/a,n/a,n/a,中,general,yes,yes,すべり15–20％を誤記として出す項目型をやめ、誘導電動機の回転磁界から入った。残る一致は三相誘導電動機という一般用語。すべり数値の誤肢ミラーは残していない。
controllers-switches,learn,crane_all,src/lib/data/learn/crane-all-topics.ts,316,in_use,a5ef30c6-6ef0-4f43-ab83-51ba83fde071,supabase/migrations/20260901120100_crane_all_past_exam_questions.sql,610,公益財団法人安全衛生技術試験協会 令和7年10月公表 クレーン・デリック運転士（限定なし）試験 問26,KEEP_GENERAL,0.0103,0.1907,0.5698,0.059,0,subset,shared_topic_vocabulary,中,中,混在,n/a,n/a,n/a,中,general,yes,yes,ゼロノッチとコースチングの定義順を、操作位置と惰行の意味に分けて書いた。残る一致はこの二つの用語定義。用語そのものは変更不可。
electric-shock,learn,crane_all,src/lib/data/learn/crane-all-topics.ts,343,in_use,2705da57-a4d3-4fae-8b0f-28781d631376,supabase/migrations/20260901120100_crane_all_past_exam_questions.sql,1560,公益財団法人安全衛生技術試験協会 令和8年4月公表 クレーン・デリック運転士（限定なし）試験 問30,KEEP_GENERAL,0.0023,0.2124,0.5161,0.0596,0,none,shared_topic_vocabulary,中,中,混在,n/a,n/a,n/a,中,general,yes,yes,電流×時間×波形の一般整理を残し、内部熱傷の特徴句を結論の核にしない構成にした。残る一致は感電の重症度が電流・通電時間・経路に依るという安全の一般知識。
insulation-grounding,learn,crane_all,src/lib/data/learn/crane-all-topics.ts,356,in_use,f98b6559-97f4-4b76-8052-099652d3055b,supabase/migrations/20260901120100_crane_all_past_exam_questions.sql,1454,公益財団法人安全衛生技術試験協会 令和8年4月公表 クレーン・デリック運転士（限定なし）試験 問25,KEEP_GENERAL,0.0024,0.1429,0.4118,0.0413,0,none,terminology_or_boilerplate,中,中,混在,n/a,n/a,n/a,中,general,yes,yes,トロリ線・キャブタイヤ・金属管の給電5文を、絶縁と接地の役割から書き直した。残る一致はこれらの給電部材名。部材名は一般用語。
center-of-gravity,learn,crane_all,src/lib/data/learn/crane-all-topics.ts,438,in_use,5ed754a4-7047-4cf3-b216-0d6779539fbe,supabase/migrations/20260901120100_crane_all_past_exam_questions.sql,1645,公益財団法人安全衛生技術試験協会 令和8年4月公表 クレーン・デリック運転士（限定なし）試験 問34,KEEP_GENERAL,0.0053,0.1498,0.3542,0.0891,0,none,terminology_or_boilerplate,中,中,混在,n/a,n/a,n/a,中,general,yes,yes,重心の鉛直線と底面の関係は物理の定義。直方体／円柱のチェックリスト順を安定判定の手順に変えた。残る一致は鉛直線が底面内なら復元、という力学。
load-types,learn,crane_all,src/lib/data/learn/crane-all-topics.ts,494,in_use,34ac2d0c-b0d7-4df3-8885-c1ee3930cc5e,supabase/migrations/20260901120100_crane_all_past_exam_questions.sql,806,公益財団法人安全衛生技術試験協会 令和7年10月公表 クレーン・デリック運転士（限定なし）試験 問35,KEEP_GENERAL,0.0,0.1989,0.487,0.042,0,none,shared_topic_vocabulary,中,中,混在,n/a,n/a,n/a,中,general,yes,yes,ガーダ曲げ・ロープ引張曲げ・両振りの定義束を、どの部材にどの荷重が載るかの見方に崩した。残る一致は曲げ／引張／両振りという材料力学の用語。
stress-strain,learn,crane_all,src/lib/data/learn/crane-all-topics.ts,507,in_use,1b00f817-2e4b-4f9b-86a2-368cdc435f1b,supabase/migrations/20260901120100_crane_all_past_exam_questions.sql,1624,公益財団法人安全衛生技術試験協会 令和8年4月公表 クレーン・デリック運転士（限定なし）試験 問33,KEEP_GENERAL,0.0061,0.0943,0.4284,0.0465,0,subset,terminology_or_boilerplate,中,中,混在,n/a,n/a,n/a,中,general,yes,yes,σ=P/Aは公式で維持。質量／比重の立方体トラップ付録を外し、応力とひずみの定義から入った。残る一致は公式と単位換算。
mobile-types-models,learn,mobile_crane,src/lib/data/learn/mobile-crane-topics.ts,60,in_use,7cf3a1a5-4f9a-42e6-a95a-e024218ea623,supabase/migrations/20260902140000_mobile_crane_2026_04_questions.sql,27,公益財団法人安全衛生技術試験協会 令和8年4月公表 移動式クレーン運転士試験 問2,KEEP_GENERAL,0.0101,0.2287,0.6594,0.0328,0,full,shared_topic_vocabulary,中,中,混在,n/a,n/a,n/a,中,general,yes,yes,ラフテレーン操向・PTO・H/Xアウトリガの型式5文を、走行と作業の分担から説明し直した。残る一致は型式名と操向方式の一般区別。
mobile-terms-dimensions,learn,mobile_crane,src/lib/data/learn/mobile-crane-topics.ts,74,in_use,d8e1f334-e11a-4c60-8ddf-7ae10ccd8553,supabase/migrations/20260902133100_mobile_crane_2025_10_questions.sql,3,公益財団法人安全衛生技術試験協会 令和7年10月公表 移動式クレーン運転士試験 問1,KEEP_GENERAL,0.0022,0.2692,0.623,0.0346,0,none,shared_topic_vocabulary,中,中,混在,n/a,n/a,n/a,中,general,yes,yes,つり上げ荷重・作業半径・定格速度・総揚程の定義5文を、測定の起点ごとに並べ替えた。残る一致はJIS/クレーン則の用語定義。定義文は変更不能。
mobile-crawler-undercarriage,learn,mobile_crane,src/lib/data/learn/mobile-crane-topics.ts,88,in_use,3cbe1b73-f723-4ad2-a641-bec17aebc245,supabase/migrations/20260902133100_mobile_crane_2025_10_questions.sql,66,公益財団法人安全衛生技術試験協会 令和7年10月公表 移動式クレーン運転士試験 問4,KEEP_GENERAL,0.0094,0.2893,0.7305,0.0409,0,full,shared_topic_vocabulary,中,中,混在,n/a,n/a,n/a,中,general,yes,yes,起動輪／遊動輪の項目型を、履帯の駆動と張りの役割に変えた。残る一致は接地圧p=m·9.8/A。9.8は物理定数。
mobile-upper-slew,learn,mobile_crane,src/lib/data/learn/mobile-crane-topics.ts,102,in_use,af97a968-bfa6-4707-bba9-b0cc7694e18d,supabase/migrations/20260902140000_mobile_crane_2026_04_questions.sql,69,公益財団法人安全衛生技術試験協会 令和8年4月公表 移動式クレーン運転士試験 問4,KEEP_GENERAL,0.0179,0.3075,0.7323,0.0654,0,none,shared_topic_vocabulary,中,中,混在,n/a,n/a,n/a,中,general,yes,yes,比較先と同じ五肢（ベアリング旋回・AT後部CW・RT運転室・箱型フートピン・Aフレーム高低）の並びをやめ、おもりの位置と操作室の分け方から書き直した。再監査では同一peerとの類似がMEDIUMからNO_MATCHへ下がった。残る一致は旋回・カウンタウエイトという一般名称だけ。
mobile-hoist-clutch-brake,learn,mobile_crane,src/lib/data/learn/mobile-crane-topics.ts,116,in_use,f928f3a7-c739-46af-af03-1e6dff4ec29a,supabase/migrations/20260902140000_mobile_crane_2026_04_questions.sql,90,公益財団法人安全衛生技術試験協会 令和8年4月公表 移動式クレーン運転士試験 問5,KEEP_GENERAL,0.011,0.2174,0.6193,0.0683,0,none,shared_topic_vocabulary,中,中,混在,n/a,n/a,n/a,中,general,yes,yes,モータ→減速機→クラッチ→ドラムの順を残しつつ、切る位置と止める位置の役割で切った。残る一致はこの伝達経路という教科書の並び（機械の実体順なので変更不能）。
mobile-jib-attachment,learn,mobile_crane,src/lib/data/learn/mobile-crane-topics.ts,130,in_use,14736c5f-c4ef-4e43-9e18-a9ae7a956673,supabase/migrations/20260902133100_mobile_crane_2025_10_questions.sql,45,公益財団法人安全衛生技術試験協会 令和7年10月公表 移動式クレーン運転士試験 問3,KEEP_GENERAL,0.0022,0.2775,0.5922,0.0434,0,full,shared_topic_vocabulary,中,中,混在,n/a,n/a,n/a,中,general,yes,yes,伸縮方式・ペンダント・マグネットの金属リストを、ジブに何を足すかの用途説明に変えた。残る一致は附属品の一般名称。
mobile-wire-rope-lay,learn,mobile_crane,src/lib/data/learn/mobile-crane-topics.ts,143,in_use,a99d833b-fe33-4891-9bca-12ba1e165787,supabase/migrations/20260902140000_mobile_crane_2026_04_questions.sql,132,公益財団法人安全衛生技術試験協会 令和8年4月公表 移動式クレーン運転士試験 問7,KEEP_STATUTORY,0.01,0.1885,0.5079,0.0469,0,subset,shared_topic_vocabulary,中,中,混在,n/a,n/a,n/a,中,statutory,yes,yes,ラングより／普通よりの説明順を変えた。廃棄基準6・10％・7％超はクレーン則で維持。残る一致はこの法令％とより方の用語。
mobile-safety-devices,learn,mobile_crane,src/lib/data/learn/mobile-crane-topics.ts,157,in_use,6cb3a30e-bf27-48e9-a028-62d9ddd775db,supabase/migrations/20260902140000_mobile_crane_2026_04_questions.sql,153,公益財団法人安全衛生技術試験協会 令和8年4月公表 移動式クレーン運転士試験 問8,KEEP_GENERAL,0.0026,0.2335,0.5113,0.043,0,none,shared_topic_vocabulary,中,中,混在,n/a,n/a,n/a,中,general,yes,yes,過負荷・外れ止め・巻過・起伏停止・旋回警報の装置5文を、何を検知して何を止めるかで再配列した。残る一致は装置名。装置名は規格用語。
mobile-rated-load-table,learn,mobile_crane,src/lib/data/learn/mobile-crane-topics.ts,170,in_use,d70cff67-afb8-43df-8f34-8553314a6f1e,supabase/migrations/20260902140000_mobile_crane_2026_04_questions.sql,197,公益財団法人安全衛生技術試験協会 令和8年4月公表 移動式クレーン運転士試験 問10,KEEP_GENERAL,0.0933,0.1176,0.4072,0.1414,0,subset,terminology_or_boilerplate,中,中,混在,n/a,n/a,n/a,中,general,yes,yes,チャートの数値例は既に差し替え済み。階段状の太線の読み方を、強度線と安定線の交わりとして説明した。残る一致は『表の交点を読む』という一般読図。
mobile-work-area-stability,learn,mobile_crane,src/lib/data/learn/mobile-crane-topics.ts,184,in_use,1aa9c39e-b749-45d1-bde3-6581316bd87b,supabase/migrations/20260902133100_mobile_crane_2025_10_questions.sql,150,公益財団法人安全衛生技術試験協会 令和7年10月公表 移動式クレーン運転士試験 問8,KEEP_GENERAL,0.0025,0.1419,0.4344,0.0415,0,none,terminology_or_boilerplate,中,中,混在,n/a,n/a,n/a,中,general,yes,yes,後方安定・前方悪化の順位付けを、アウトリガ張出と旋回位置の関係から書いた。残る一致は前方作業が不利になりやすい、という一般安定。
mobile-engine-electrical,learn,mobile_crane,src/lib/data/learn/mobile-crane-topics.ts,211,in_use,1dc0d658-f763-4dc9-b6a6-980f85b5e555,supabase/migrations/20260902140000_mobile_crane_2026_04_questions.sql,240,公益財団法人安全衛生技術試験協会 令和8年4月公表 移動式クレーン運転士試験 問12,KEEP_GENERAL,0.0186,0.3167,0.7089,0.0994,0,full,shared_topic_vocabulary,中,中,混在,n/a,n/a,n/a,中,general,yes,yes,24 V始動・エアヒータ・レギュレータの項目束を、始動と充電の役割に分けた。残る一致は24 Vという慣用電圧。法令値ではないが車載の一般仕様。
mobile-hydraulic-actuators,learn,mobile_crane,src/lib/data/learn/mobile-crane-topics.ts,238,in_use,ea7922b2-5f6b-4a5a-8a9e-e77aa0131097,supabase/migrations/20260902140000_mobile_crane_2026_04_questions.sql,282,公益財団法人安全衛生技術試験協会 令和8年4月公表 移動式クレーン運転士試験 問14,KEEP_GENERAL,0.0033,0.2175,0.6336,0.0556,0,none,shared_topic_vocabulary,中,中,混在,n/a,n/a,n/a,中,general,yes,yes,複動シリンダとラジアル／アキシアルの対比順を、直動か回転かで切り直した。残る一致はこれらの油圧要素名。
mobile-hydraulic-accessories,learn,mobile_crane,src/lib/data/learn/mobile-crane-topics.ts,266,in_use,e0a2fba2-887a-4c05-95aa-ecd09d156769,supabase/migrations/20260902140000_mobile_crane_2026_04_questions.sql,324,公益財団法人安全衛生技術試験協会 令和8年4月公表 移動式クレーン運転士試験 問16,KEEP_GENERAL,0.0033,0.2562,0.5545,0.0694,0,none,shared_topic_vocabulary,中,中,混在,n/a,n/a,n/a,中,general,yes,yes,タンク・クーラ・アキュムレータの5文を、油の貯める／冷やす／蓄える機能で書いた。残る一致は附属品名。
mobile-hydraulic-maintenance,learn,mobile_crane,src/lib/data/learn/mobile-crane-topics.ts,279,in_use,12d5bc00-3970-432c-a1bd-3403d6ffe57d,supabase/migrations/20260902133100_mobile_crane_2025_10_questions.sql,365,公益財団法人安全衛生技術試験協会 令和7年10月公表 移動式クレーン運転士試験 問18,KEEP_GENERAL,0.0024,0.1238,0.367,0.0665,0,subset,terminology_or_boilerplate,中,中,混在,n/a,n/a,n/a,中,general,yes,yes,引火点180–240℃は作動油の教科書帯で維持。油性質の5文歩きを、点検で見る性状に変えた。残る一致はこの温度帯。
mobile-electricity-basics,learn,mobile_crane,src/lib/data/learn/mobile-crane-topics.ts,292,in_use,57717975-392a-4124-b881-2e4c8b9f2b63,supabase/migrations/20260902140000_mobile_crane_2026_04_questions.sql,387,公益財団法人安全衛生技術試験協会 令和8年4月公表 移動式クレーン運転士試験 問19,KEEP_GENERAL,0.0,0.1693,0.5152,0.0061,0,full,shared_topic_vocabulary,中,中,混在,n/a,n/a,n/a,中,general,yes,yes,特別高圧交流と200/400 Vの定義束を、電圧階級の見方に崩した。残る一致は低圧／高圧の一般区分。
mobile-electric-shock,learn,mobile_crane,src/lib/data/learn/mobile-crane-topics.ts,305,in_use,2ee7ed87-0b44-4600-9ebb-a7eaab272692,supabase/migrations/20260902140000_mobile_crane_2026_04_questions.sql,408,公益財団法人安全衛生技術試験協会 令和8年4月公表 移動式クレーン運転士試験 問20,KEEP_GENERAL,0.0027,0.1637,0.4309,0.06,0,full,terminology_or_boilerplate,中,中,混在,n/a,n/a,n/a,中,general,yes,yes,50 mA·1 sは安全の目安として維持。送電線シーンを一般の接近注意に平らげた。残る一致はこの目安電流。法令の離隔距離表は引用していない。
mobile-inspection-system,learn,mobile_crane,src/lib/data/learn/mobile-crane-topics.ts,318,in_use,a94060d5-d979-4db9-bc54-dd1d0a2cc052,supabase/migrations/20260902140000_mobile_crane_2026_04_questions.sql,599,公益財団法人安全衛生技術試験協会 令和8年4月公表 移動式クレーン運転士試験 問29,KEEP_STATUTORY,0.0249,0.2105,0.5043,0.0845,0,partial,shared_topic_vocabulary,中,なし,法定1.27/1.25,n/a,n/a,n/a,中,statutory,no,no,製造/性能/変更検査と安定度1.27は構造規格。乗数は変えない。
mobile-inspection-certificate,learn,mobile_crane,src/lib/data/learn/mobile-crane-topics.ts,331,in_use,f5b11f26-222e-47b4-a9af-5489927c2b86,supabase/migrations/20260902140000_mobile_crane_2026_04_questions.sql,450,公益財団法人安全衛生技術試験協会 令和8年4月公表 移動式クレーン運転士試験 問22,KEEP_STATUTORY,0.0503,0.3697,0.6825,0.1814,0,full,statutory_or_formula_numbers,中,なし,法定10日/2年,n/a,n/a,n/a,中,statutory,no,no,移動式検査証の書換え経路は条文。
mobile-license-slinging-qual,learn,mobile_crane,src/lib/data/learn/mobile-crane-topics.ts,344,in_use,387dcd10-30cc-4a46-a00d-a551680dcfbe,supabase/migrations/20260902133100_mobile_crane_2025_10_questions.sql,475,公益財団法人安全衛生技術試験協会 令和7年10月公表 移動式クレーン運転士試験 問23,KEEP_STATUTORY,0.0455,0.1546,0.427,0.1114,0,partial,terminology_or_boilerplate,弱,なし,法定5t/1t,n/a,n/a,n/a,弱,statutory,no,no,免許・講習のトン境。例題トン数は比較先と違う。
mobile-use-restrictions,learn,mobile_crane,src/lib/data/learn/mobile-crane-topics.ts,357,in_use,c90e24b3-28ba-444c-a3a9-c91d3133a58b,supabase/migrations/20260902140000_mobile_crane_2026_04_questions.sql,514,公益財団法人安全衛生技術試験協会 令和8年4月公表 移動式クレーン運転士試験 問25,KEEP_STATUTORY,0.2396,0.2391,0.5072,0.2473,0,partial,shared_topic_vocabulary,中,中,混在,n/a,n/a,n/a,中,statutory,yes,yes,0.5 tはクレーン則の報告・制限の境界で維持。装置取り外し許可の四文キーを、許可→報告の順の肯定文にした。残る一致は0.5 tと事業者許可。
mobile-overhoist-adjustment,learn,mobile_crane,src/lib/data/learn/mobile-crane-topics.ts,370,in_use,37b0c9be-4785-4234-8062-1dd1d07c8eaa,supabase/migrations/20260902140000_mobile_crane_2026_04_questions.sql,535,公益財団法人安全衛生技術試験協会 令和8年4月公表 移動式クレーン運転士試験 問26,KEEP_STATUTORY,0.117,0.1278,0.3492,0.2545,0,subset,terminology_or_boilerplate,弱,なし,法定0.05/0.25 m,n/a,n/a,n/a,弱,statutory,no,no,巻過防止の作動位置は省令。
mobile-self-inspection,learn,mobile_crane,src/lib/data/learn/mobile-crane-topics.ts,396,in_use,2605175b-52ef-48b3-a413-288351c48954,supabase/migrations/20260901120100_crane_all_past_exam_questions.sql,377,公益財団法人安全衛生技術試験協会 令和7年10月公表 クレーン・デリック運転士（限定なし）試験 問15,KEEP_STATUTORY,0.0142,0.1711,0.4286,0.0667,0,full,terminology_or_boilerplate,中,なし,法定1年/1月/3年,n/a,n/a,n/a,中,statutory,no,no,自主検査周期と記録保存はクレーン則。
mobile-license-handling,learn,mobile_crane,src/lib/data/learn/mobile-crane-topics.ts,409,in_use,f0dd74e2-d9aa-477d-bca1-3260db042352,supabase/migrations/20260902140000_mobile_crane_2026_04_questions.sql,620,公益財団法人安全衛生技術試験協会 令和8年4月公表 移動式クレーン運転士試験 問30,KEEP_STATUTORY,0.0056,0.2958,0.6593,0.0433,0,full,shared_topic_vocabulary,中,中,混在,n/a,n/a,n/a,中,statutory,yes,yes,書替え・再交付・1年欠格は免許行政の法定。30日返還の誤記を本文から外した。残る一致は遅滞なく返還と1年欠格。
mobile-work-regulations,learn,mobile_crane,src/lib/data/learn/mobile-crane-topics.ts,422,in_use,c90e24b3-28ba-444c-a3a9-c91d3133a58b,supabase/migrations/20260902140000_mobile_crane_2026_04_questions.sql,514,公益財団法人安全衛生技術試験協会 令和8年4月公表 移動式クレーン運転士試験 問25,KEEP_STATUTORY,0.1421,0.1444,0.368,0.1642,0,subset,terminology_or_boilerplate,中,中,混在,n/a,n/a,n/a,中,statutory,yes,yes,フック搭乗禁止など同一コンボの再掲を、作業中の禁止事項の肯定列に変えた。残る一致はクレーン則の使用制限そのもの。
mobile-mass-specific-gravity,learn,mobile_crane,src/lib/data/learn/mobile-crane-topics.ts,463,in_use,1b00f817-2e4b-4f9b-86a2-368cdc435f1b,supabase/migrations/20260901120100_crane_all_past_exam_questions.sql,1624,公益財団法人安全衛生技術試験協会 令和8年4月公表 クレーン・デリック運転士（限定なし）試験 問33,KEEP_GENERAL,0.0092,0.0983,0.365,0.0747,0,subset,terminology_or_boilerplate,弱,なし,W=V×d,n/a,n/a,n/a,弱,general,no,no,比重と質量の公式。現場密度例は比較先の金属順と違う。
mobile-motion-acceleration,learn,mobile_crane,src/lib/data/learn/mobile-crane-topics.ts,490,in_use,0bdc7fdf-a0c6-4acd-a95e-4aca59d2b652,supabase/migrations/20260902140000_mobile_crane_2026_04_questions.sql,728,公益財団法人安全衛生技術試験協会 令和8年4月公表 移動式クレーン運転士試験 問35,KEEP_GENERAL,0.003,0.1607,0.4455,0.0403,0,full,terminology_or_boilerplate,中,中,混在,n/a,n/a,n/a,中,general,yes,yes,V=L/Tは公式。数値例は既に別値。残る一致は公式と単位換算だけ。
mobile-friction,learn,mobile_crane,src/lib/data/learn/mobile-crane-topics.ts,503,in_use,dfaa80b5-3e23-4994-9083-1448d2a6f228,supabase/migrations/20260901120100_crane_all_past_exam_questions.sql,1687,公益財団法人安全衛生技術試験協会 令和8年4月公表 クレーン・デリック運転士（限定なし）試験 問36,KEEP_GENERAL,0.0089,0.1261,0.5948,0.0771,0,none,shared_topic_vocabulary,中,中,混在,n/a,n/a,n/a,中,general,yes,yes,F=μNは公式で維持。転がりと滑りの対比を、走行とブレーキの役割で書いた。残る一致は公式。
mobile-load-types,learn,mobile_crane,src/lib/data/learn/mobile-crane-topics.ts,516,in_use,709400ed-55a7-4465-9c6b-9ede16ddc355,supabase/migrations/20260902140000_mobile_crane_2026_04_questions.sql,770,公益財団法人安全衛生技術試験協会 令和8年4月公表 移動式クレーン運転士試験 問37,KEEP_GENERAL,0.0,0.2092,0.535,0.033,0,none,shared_topic_vocabulary,中,中,混在,n/a,n/a,n/a,中,general,yes,yes,フック引張曲げ・ドラム曲げねじりの定義束を、部材ごとの荷重の種類に分けた。残る一致は材料力学の用語。
xray-shielding-scatter-reduction,learn,xray,src/lib/data/learn/xray-topics.ts,144,in_use,9ec8636e-ecba-4282-9576-f372209680c6,supabase/migrations/20260903110000_xray_2025_10_questions.sql,222,公益財団法人安全衛生技術試験協会 令和7年10月公表 エックス線作業主任者試験 問8,KEEP_STATUTORY,0.0116,0.1485,0.4114,0.0481,0,full,terminology_or_boilerplate,強,強,約2倍,n/a,n/a,n/a,強,statutory,yes,yes,散乱低減の誤肢ミラーを肯定の遮蔽手順に書き直した。残る一致は距離・遮蔽・時間の防護三原則と利用線錐の法令用語。数値は変えていない。
xray-controlled-area-marking,learn,xray,src/lib/data/learn/xray-topics.ts,179,in_use,c5b1526e-b7d7-4780-9e8d-4064d3bef7c9,supabase/migrations/20260903110000_xray_2025_10_questions.sql,285,公益財団法人安全衛生技術試験協会 令和7年10月公表 エックス線作業主任者試験 問11,KEEP_STATUTORY,0.0253,0.1971,0.5299,0.1008,0,subset,shared_topic_vocabulary,強,強,法定1.3mSv/3月,n/a,n/a,n/a,強,statutory,yes,yes,管理区域標識の誤文反転を義務の肯定文にした。残る一致は電離則の管理区域標識・立入禁止の条文用語。標識の法定要件は言い換え不能。
xray-health-checkup,learn,xray,src/lib/data/learn/xray-topics.ts,249,in_use,02611a74-72e8-4d1d-85ff-aa8fd278e114,supabase/migrations/20260903110000_xray_2025_10_questions.sql,415,公益財団法人安全衛生技術試験協会 令和7年10月公表 エックス線作業主任者試験 問17,KEEP_STATUTORY,0.0216,0.1286,0.3438,0.0871,0,none,terminology_or_boilerplate,なし,なし,法定項目名,n/a,n/a,n/a,弱,statutory,no,no,電離則の健診項目。比較先の配置換時に赤血球を省く違反シナリオは再現していない。
xray-work-environment-measurement,learn,xray,src/lib/data/learn/xray-topics.ts,271,in_use,55700abf-76e2-49fe-b7b3-ee518c5c48f4,supabase/migrations/20260903110000_xray_2025_10_questions.sql,461,公益財団法人安全衛生技術試験協会 令和7年10月公表 エックス線作業主任者試験 問19,KEEP_STATUTORY,0.0472,0.1546,0.4146,0.0734,0,partial,terminology_or_boilerplate,なし,なし,法定周期,n/a,n/a,n/a,弱,statutory,no,no,作業環境測定の1か月/6か月と1 cm根拠は電離則。
xray-effective-dose,learn,xray,src/lib/data/learn/xray-topics.ts,362,in_use,3806ec43-f8fe-44fc-8ad8-9b2ec706ccac,supabase/migrations/20260903110100_xray_2026_04_questions.sql,646,公益財団法人安全衛生技術試験協会 令和8年4月公表 エックス線作業主任者試験 問28,KEEP_STATUTORY,0.1257,0.1414,0.4752,0.1677,0,partial,terminology_or_boilerplate,中,弱,法定係数0.08等,n/a,n/a,n/a,弱,statutory,no,no,HEE係数は法定推計。例題の0.5/0.8 mSvは比較先と違う。
xray-calibration-interpolation,learn,xray,src/lib/data/learn/xray-topics.ts,396,in_use,96fbfd7b-34f0-42a0-b128-7e86034b74c3,supabase/migrations/20260903110000_xray_2025_10_questions.sql,700,公益財団法人安全衛生技術試験協会 令和7年10月公表 エックス線作業主任者試験 問30,KEEP_GENERAL,0.0661,0.081,0.4316,0.102,0,partial,terminology_or_boilerplate,なし,なし,別の校正点,n/a,n/a,n/a,なし,general,no,no,校正定数の線形補間は測定の一般法。数値組は比較先と不一致。
diver-gas-properties,learn,diver,src/lib/data/learn/diver-topics.ts,88,in_use,fe0a1125-55cb-4a1d-aa25-35dc0097d20d,supabase/migrations/20260903120000_diver_2025_10_questions.sql,111,公益財団法人安全衛生技術試験協会 令和7年10月公表 潜水士試験 問3,KEEP_GENERAL,0.0,0.2472,0.5689,0.0493,0,subset,shared_topic_vocabulary,中,中,混在,n/a,n/a,n/a,中,general,yes,yes,He密度反転・CO焦げ臭・CO2 0.3％の誤肢セットをやめ、窒素・酸素・ヘリウム・二酸化炭素・一酸化炭素の役割から書いた。残る一致はN2約80％、大気CO2約0.04％という一般組成。0.3％中毒閾は本文の結論列に置いていない。
diver-light-sound,learn,diver,src/lib/data/learn/diver-topics.ts,110,in_use,3ad421c2-8c9b-4448-8df9-53522cf5b997,supabase/migrations/20260903120000_diver_2025_10_questions.sql,155,公益財団法人安全衛生技術試験協会 令和7年10月公表 潜水士試験 問5,KEEP_GENERAL,0.0,0.1731,0.4628,0.0482,0,none,terminology_or_boilerplate,中,弱,混在,n/a,n/a,n/a,中,general,yes,yes,赤が先に吸収、音速1400–1500 m/sは水中物理。説明を音の方向感覚から入る場面に変えた。残る一致はこの物理値。変更すると誤りになる。
diver-dive-methods,learn,diver,src/lib/data/learn/diver-topics.ts,121,in_use,6d7c2b35-cf95-46f2-973a-4f551e506aee,supabase/migrations/20260903120000_diver_2025_10_questions.sql,176,公益財団法人安全衛生技術試験協会 令和7年10月公表 潜水士試験 問6,KEEP_GENERAL,0.0,0.1259,0.3913,0.0381,0,none,terminology_or_boilerplate,中,弱,混在,n/a,n/a,n/a,中,general,yes,yes,軟式／硬式とスクーバ分類を、空気を誰が持つか・応需か定量かで切った。残る一致は方式名。方式名は一般分類。
diver-hazards,learn,diver,src/lib/data/learn/diver-topics.ts,133,in_use,40cdfc53-72b7-482c-b5c4-744edc7b1b28,supabase/migrations/20260903120000_diver_2025_10_questions.sql,197,公益財団法人安全衛生技術試験協会 令和7年10月公表 潜水士試験 問7,KEEP_GENERAL,0.0044,0.2104,0.5253,0.0747,0,none,shared_topic_vocabulary,中,中,混在,n/a,n/a,n/a,中,general,yes,yes,咬傷／刺傷とA旗の複合キーを、水域の危害の切り方から書いた。残る一致はA旗（白と青の燕尾）という国際信号の定義。旗の定義は変更不可。
diver-blowup-fall,learn,diver,src/lib/data/learn/diver-topics.ts,144,in_use,b15b9e9f-4076-4978-8116-28a06ef87668,supabase/migrations/20260903120000_diver_2025_10_questions.sql,218,公益財団法人安全衛生技術試験協会 令和7年10月公表 潜水士試験 問8,KEEP_GENERAL,0.0213,0.1479,0.5402,0.094,0,none,shared_topic_vocabulary,中,弱,混在,n/a,n/a,n/a,中,general,yes,yes,内外圧と吹き上げ／墜落の物理を、内圧＞水圧かその逆かで先に置いた。残る一致はこの大小関係。特定の誤操作リスト順は残していない。
diver-entrapment-drowning,learn,diver,src/lib/data/learn/diver-topics.ts,156,in_use,b9a9bc96-0947-4348-9fec-e5f5c1dd79c8,supabase/migrations/20260903120000_diver_2025_10_questions.sql,239,公益財団法人安全衛生技術試験協会 令和7年10月公表 潜水士試験 問9,KEEP_GENERAL,0.0075,0.2718,0.5557,0.0408,0,none,shared_topic_vocabulary,中,中,混在,n/a,n/a,n/a,中,general,yes,yes,気管のみ溺死・クラッチ固定・障害物は上へ、の五肢キーを、拘束とパニックの予防手順に崩した。残る一致は溺れが肺まで水が入る場合に限らない、という一般救急。
diver-special-env,learn,diver,src/lib/data/learn/diver-topics.ts,167,in_use,9a115d1b-adc7-4bdb-9baf-50d3ad2e656f,supabase/migrations/20260903120000_diver_2025_10_questions.sql,260,公益財団法人安全衛生技術試験協会 令和7年10月公表 潜水士試験 問10,KEEP_GENERAL,0.0,0.1786,0.4343,0.0364,0,none,terminology_or_boilerplate,中,中,混在,n/a,n/a,n/a,中,general,yes,yes,カルバート／河川／淡鹹／低温／高所の五場面リストを、頭上が閉じる場所と流れと大気圧の三点に圧縮した。残る一致はこれらの環境名。
diver-compressor,learn,diver,src/lib/data/learn/diver-topics.ts,178,in_use,bdff313d-5b6a-49bc-a831-14a179045f46,supabase/migrations/20260903120000_diver_2025_10_questions.sql,281,公益財団法人安全衛生技術試験協会 令和7年10月公表 潜水士試験 問11,KEEP_GENERAL,0.0261,0.192,0.6169,0.1172,0,full,shared_topic_vocabulary,中,中,混在,n/a,n/a,n/a,中,general,yes,yes,船上固定＋100 kg分離槽の通説を、吸気位置と油水分離の必要性として書いた。100 kgは法定ではないので結論の核にしていない。残る一致は圧縮機の一般構成。
diver-air-receivers,learn,diver,src/lib/data/learn/diver-topics.ts,203,in_use,d1bd1333-ac7a-4834-b0ac-5cf6250436c1,supabase/migrations/20260903120000_diver_2025_10_questions.sql,324,公益財団法人安全衛生技術試験協会 令和7年10月公表 潜水士試験 問13,KEEP_GENERAL,0.0041,0.2273,0.6641,0.0373,0,full,shared_topic_vocabulary,中,中,混在,n/a,n/a,n/a,中,general,yes,yes,脈動・油水分離・0.1 MPa残圧の誤扱いセットを、空気槽の役割（脈動吸収と予備）に変えた。残る一致は空気槽という装置名。
diver-scuba-descent,learn,diver,src/lib/data/learn/diver-topics.ts,214,in_use,3dee9042-66c6-48b8-b754-9771b9156e5c,supabase/migrations/20260903120000_diver_2025_10_questions.sql,345,公益財団法人安全衛生技術試験協会 令和7年10月公表 潜水士試験 問14,KEEP_GENERAL,0.0063,0.1715,0.4432,0.0415,0,none,terminology_or_boilerplate,中,弱,混在,n/a,n/a,n/a,中,general,yes,yes,潜降手順の説明順を変えた。ジャンプ高約0.8 mは既に創作側。残る一致は潜降前点検という一般手順。
diver-helmet-ascent,learn,diver,src/lib/data/learn/diver-topics.ts,227,in_use,9db75fac-6ae9-4226-b7b3-46913ffa8eb2,supabase/migrations/20260903120000_diver_2025_10_questions.sql,366,公益財団法人安全衛生技術試験協会 令和7年10月公表 潜水士試験 問15,KEEP_STATUTORY,0.0258,0.228,0.4625,0.1476,0,full,terminology_or_boilerplate,中,中,混在,n/a,n/a,n/a,中,statutory,yes,yes,10 m/minは高気圧則の浮上速度で維持。3 m/5分停止と吹き上げ即再圧の項目セットを、速度と連絡を保つ浮上に変えた。残る一致は10 m/min。
diver-buhlmann-mvalue,learn,diver,src/lib/data/learn/diver-topics.ts,238,in_use,87df1657-e609-4a82-88c6-d4e7c0799091,supabase/migrations/20260903120000_diver_2025_10_questions.sql,387,公益財団法人安全衛生技術試験協会 令和7年10月公表 潜水士試験 問16,KEEP_GENERAL,0.0681,0.2373,0.5556,0.1068,0,full,shared_topic_vocabulary,中,中,混在,n/a,n/a,n/a,中,general,yes,yes,M値定義と停止延長の五主張を、半飽和組織と許容上限という概念説明に圧縮した。残る一致はM値＝許容組織内圧という定義。
diver-helmet-parts,learn,diver,src/lib/data/learn/diver-topics.ts,250,in_use,ec8fc772-1377-4625-ad19-ba122ca38091,supabase/migrations/20260903120100_diver_2026_04_questions.sql,405,公益財団法人安全衛生技術試験協会 令和8年4月公表 潜水士試験 問17,KEEP_GENERAL,0.0165,0.1408,0.4216,0.0769,0,none,terminology_or_boilerplate,中,弱,混在,n/a,n/a,n/a,中,general,yes,yes,部品名の図解を残し、誤肢順の列挙を外した。残る一致はヘルメット・排気弁などの部品名。
diver-scuba-gear,learn,diver,src/lib/data/learn/diver-topics.ts,262,in_use,04751156-7a32-42d1-bc4e-107b3a183513,supabase/migrations/20260903120000_diver_2025_10_questions.sql,429,公益財団法人安全衛生技術試験協会 令和7年10月公表 潜水士試験 問18,KEEP_GENERAL,0.0,0.2177,0.5784,0.041,0,subset,shared_topic_vocabulary,中,中,混在,n/a,n/a,n/a,中,general,yes,yes,キャップ外し洗浄禁止＋19.6 MPa刻印の項目型を、ボンベと調整器の取扱いとして書いた。残る一致は高圧ボンベの一般注意。19.6 MPaは慣用刻印で法令の送気量ではない。
diver-fullface-gear,learn,diver,src/lib/data/learn/diver-topics.ts,273,in_use,d32d7a5f-967a-4866-aa97-f390096295b3,supabase/migrations/20260903120000_diver_2025_10_questions.sql,450,公益財団法人安全衛生技術試験協会 令和7年10月公表 潜水士試験 問19,KEEP_GENERAL,0.0132,0.2061,0.5291,0.0562,0,none,shared_topic_vocabulary,中,中,混在,n/a,n/a,n/a,中,general,yes,yes,口鼻マスク・足ヒレ・イヤホンの五主張を、全面マスク式の空気経路から説明した。残る一致は装備名。
diver-equipment,learn,diver,src/lib/data/learn/diver-topics.ts,284,in_use,2ebf9ec9-44cd-4447-8703-155a55c3805e,supabase/migrations/20260903120000_diver_2025_10_questions.sql,471,公益財団法人安全衛生技術試験協会 令和7年10月公表 潜水士試験 問20,KEEP_GENERAL,0.0038,0.2532,0.5155,0.0559,0,subset,shared_topic_vocabulary,中,中,混在,n/a,n/a,n/a,中,general,yes,yes,1–2 cm潜降索と重い靴の在庫リストを、索とウエイトの役割説明に変えた。残る一致は潜降索・ウエイトという一般装備。
diver-respiratory,learn,diver,src/lib/data/learn/diver-topics.ts,295,in_use,b174f06f-4ddb-4473-a840-97ea749c63a7,supabase/migrations/20260903120000_diver_2025_10_questions.sql,492,公益財団法人安全衛生技術試験協会 令和7年10月公表 潜水士試験 問21,KEEP_GENERAL,0.0,0.2373,0.5581,0.0592,0,none,shared_topic_vocabulary,中,中,混在,n/a,n/a,n/a,中,general,yes,yes,胸郭拡張で肺が膨らむ長文一致を、換気の流れ（気道→肺胞）から書き直した。残る一致は呼吸の教科書生理。
diver-circulation,learn,diver,src/lib/data/learn/diver-topics.ts,307,in_use,55356525-5892-402e-9877-360be5ee937a,supabase/migrations/20260903120000_diver_2025_10_questions.sql,513,公益財団法人安全衛生技術試験協会 令和7年10月公表 潜水士試験 問22,KEEP_GENERAL,0.004,0.1796,0.4603,0.0632,0,none,terminology_or_boilerplate,中,弱,混在,n/a,n/a,n/a,中,general,yes,yes,四腔経路は解剖の定義。説明順を左心／右心の出口からにした。残る一致は部屋と血管の対応。変更すると医学的に誤り。
diver-nervous-system,learn,diver,src/lib/data/learn/diver-topics.ts,319,in_use,6d639189-9b4b-4bdc-9f2b-121b22329fe4,supabase/migrations/20260903120000_diver_2025_10_questions.sql,534,公益財団法人安全衛生技術試験協会 令和7年10月公表 潜水士試験 問23,KEEP_GENERAL,0.0038,0.1886,0.474,0.055,0,none,terminology_or_boilerplate,中,弱,混在,n/a,n/a,n/a,中,general,yes,yes,皮質／小脳／延髄の機能対比は教科書。項目型の誤肢歩きを外した。残る一致は各部位の一般機能。
diver-hypothermia,learn,diver,src/lib/data/learn/diver-topics.ts,330,in_use,e3018eb8-7368-45da-9afa-a06cfce49c67,supabase/migrations/20260903120000_diver_2025_10_questions.sql,555,公益財団法人安全衛生技術試験協会 令和7年10月公表 潜水士試験 問24,KEEP_GENERAL,0.0,0.1691,0.4505,0.042,0,subset,terminology_or_boilerplate,中,弱,混在,n/a,n/a,n/a,中,general,yes,yes,35℃は低体温の臨床目安で維持。発症の進み方を現場の予防から書いた。残る一致はこの温度目安。
diver-barotrauma,learn,diver,src/lib/data/learn/diver-topics.ts,341,in_use,7015f1ca-f1f9-42f8-9f91-26d69b7d65de,supabase/migrations/20260903120100_diver_2026_04_questions.sql,573,公益財団法人安全衛生技術試験協会 令和8年4月公表 潜水士試験 問25,KEEP_GENERAL,0.0031,0.1644,0.5143,0.0271,0,full,shared_topic_vocabulary,中,中,混在,n/a,n/a,n/a,中,general,yes,yes,2 mでも圧外傷・耳栓禁止のセットを、圧平衡が取れないときの障害として書いた。残る一致は浅い水深でも中耳に差圧が付く、という生理。耳栓禁止は安全の一般指導。
diver-ear-sinus,learn,diver,src/lib/data/learn/diver-topics.ts,353,in_use,09e52987-e0a7-42fe-9a35-d87433ed5a65,supabase/migrations/20260903120000_diver_2025_10_questions.sql,597,公益財団法人安全衛生技術試験協会 令和7年10月公表 潜水士試験 問26,KEEP_GENERAL,0.0097,0.2703,0.6046,0.1217,0,none,shared_topic_vocabulary,中,中,混在,n/a,n/a,n/a,中,general,yes,yes,耳管とバルサルバの誤対応をやめ、中耳と副鼻腔の通気経路から説明した。残る一致は耳管という解剖名。
diver-co2-o2-toxicity,learn,diver,src/lib/data/learn/diver-topics.ts,365,in_use,f954b887-c3ac-47ff-a984-ee81e2a32e9d,supabase/migrations/20260903120000_diver_2025_10_questions.sql,618,公益財団法人安全衛生技術試験協会 令和7年10月公表 潜水士試験 問27,KEEP_GENERAL,0.0205,0.159,0.5617,0.0636,0,subset,shared_topic_vocabulary,中,中,混在,n/a,n/a,n/a,中,general,yes,yes,50 vs 140–160 kPaの入れ替えミラーを外し、酸素上限と二酸化炭素の分圧管理として書いた。残る一致は酸素中毒の分圧目安。教科書値は維持。
diver-dcs,learn,diver,src/lib/data/learn/diver-topics.ts,376,in_use,914575a7-9197-4abf-a406-629ac26a3209,supabase/migrations/20260903120000_diver_2025_10_questions.sql,639,公益財団法人安全衛生技術試験協会 令和7年10月公表 潜水士試験 問28,KEEP_GENERAL,0.0086,0.1662,0.4455,0.0472,0,full,terminology_or_boilerplate,中,弱,混在,n/a,n/a,n/a,中,general,yes,yes,発症窓（数時間〜24時間）と軽症／重症の分けは臨床の一般整理。残る一致はこの時間窓。特定の誤肢順は残していない。
diver-bls,learn,diver,src/lib/data/learn/diver-topics.ts,398,in_use,c95f1673-ed20-49ba-ba0f-8c25aa3f2aa9,supabase/migrations/20260903120100_diver_2026_04_questions.sql,678,公益財団法人安全衛生技術試験協会 令和8年4月公表 潜水士試験 問30,KEEP_GENERAL,0.0176,0.1755,0.4889,0.053,0,subset,shared_topic_vocabulary,中,弱,混在,n/a,n/a,n/a,中,general,yes,yes,胸骨圧迫約5 cm・100–120/分は救急ガイドライン。残る一致はこの数値。ガイドライン値は変更不可。
diver-air-tank-standards,learn,diver,src/lib/data/learn/diver-topics.ts,409,in_use,643342af-708e-4ce8-b921-58c5c635d3ca,supabase/migrations/20260903120100_diver_2026_04_questions.sql,699,公益財団法人安全衛生技術試験協会 令和8年4月公表 潜水士試験 問31,KEEP_STATUTORY,0.136,0.1278,0.435,0.252,0,partial,terminology_or_boilerplate,弱,なし,法定V式,n/a,n/a,n/a,中,statutory,no,no,送気量V＝40/60(0.03D＋0.4)/Pは省令。例題30 m・0.8・65 Lは比較先と違う。
diver-tender,learn,diver,src/lib/data/learn/diver-topics.ts,452,in_use,d308a75e-30c9-4f3f-8e91-59be319d2c65,supabase/migrations/20260903120100_diver_2026_04_questions.sql,785,公益財団法人安全衛生技術試験協会 令和8年4月公表 潜水士試験 問35,KEEP_STATUTORY,0.0195,0.2268,0.4937,0.1246,0,full,shared_topic_vocabulary,中,弱,混在,n/a,n/a,n/a,中,statutory,yes,yes,連絡員2人に1人は高気圧則36条。潜降直後の泡確認という項目誤肢を、配置比と連絡の役割に圧縮した。残る一致は2人に1人。
diver-mandatory-gear,learn,diver,src/lib/data/learn/diver-topics.ts,463,in_use,da75c341-4af0-44a7-ad27-64d7c614bbdf,supabase/migrations/20260903120000_diver_2025_10_questions.sql,807,公益財団法人安全衛生技術試験協会 令和7年10月公表 潜水士試験 問36,KEEP_STATUTORY,0.0235,0.1246,0.4066,0.0709,0,none,terminology_or_boilerplate,弱,なし,なし,n/a,n/a,n/a,中,statutory,no,no,方式別の必携器具は高気圧則。
diver-health-exam,learn,diver,src/lib/data/learn/diver-topics.ts,474,in_use,914f1735-a033-4a4a-9fd6-1e5c8d4d9a0a,supabase/migrations/20260903120100_diver_2026_04_questions.sql,827,公益財団法人安全衛生技術試験協会 令和8年4月公表 潜水士試験 問37,KEEP_STATUTORY,0.06,0.1419,0.397,0.1441,0,full,terminology_or_boilerplate,弱,なし,法定6月/3月/5年,n/a,n/a,n/a,中,statutory,no,no,健診時期と保存は省令。
diver-license,learn,diver,src/lib/data/learn/diver-topics.ts,496,in_use,8bbff369-ad81-4268-927d-3cd41bd2ac4c,supabase/migrations/20260903120100_diver_2026_04_questions.sql,873,公益財団法人安全衛生技術試験協会 令和8年4月公表 潜水士試験 問39,KEEP_STATUTORY,0.3123,0.2976,0.6474,0.4544,0,partial,shared_topic_vocabulary,中,中,混在,n/a,n/a,n/a,中,statutory,yes,yes,18歳・大臣指定は法定。圧縮機／ボンベ業務の四文キーを、免許でできる範囲の肯定説明に変えた。残る一致は年齢と指定機関。
diver-gas-partial-pressure,learn,diver,src/lib/data/learn/diver-topics.ts,507,in_use,f259a2e3-32a1-4a95-bdd9-02942d73cc59,supabase/migrations/20260904120000_pressure_chamber_2025_10_questions.sql,804,公益財団法人安全衛生技術試験協会 令和7年10月公表 高圧室内作業主任者試験 問36,KEEP_STATUTORY,0.0,0.1243,0.5407,0.0232,0,partial,shared_topic_vocabulary,弱,なし,法定18–160/400/0.5,n/a,n/a,n/a,中,statutory,no,no,ガス分圧上限は省令。比較先は高圧室内の同一条文。
pc-caisson-overview,learn,pressure_chamber,src/lib/data/learn/pressure-chamber-topics.ts,63,in_use,6f4f5922-e896-46ff-b549-59017173167d,supabase/migrations/20260904120100_pressure_chamber_2026_04_questions.sql,69,公益財団法人安全衛生技術試験協会 令和8年4月公表 高圧室内作業主任者試験 問1,KEEP_GENERAL,0.0255,0.1692,0.5135,0.082,0,none,shared_topic_vocabulary,中,中,混在,n/a,n/a,n/a,中,general,yes,yes,オープンケーソン訂正とヒービング／ボイリングの項目型を、函の沈下と地盤の壊れ方から書いた。残る一致はこれらの土質現象名。
pc-caisson-types,learn,pressure_chamber,src/lib/data/learn/pressure-chamber-topics.ts,75,in_use,dcb0fb92-8d9d-4439-aa4e-9b13a8c704cc,supabase/migrations/20260904120100_pressure_chamber_2026_04_questions.sql,90,公益財団法人安全衛生技術試験協会 令和8年4月公表 高圧室内作業主任者試験 問2,KEEP_GENERAL,0.0262,0.2145,0.5646,0.0815,0,none,shared_topic_vocabulary,中,中,混在,n/a,n/a,n/a,中,general,yes,yes,橋脚／止水壁と水荷重セルの用途束を、函の形と使う場所から説明した。残る一致は型式名。
pc-centre,learn,pressure_chamber,src/lib/data/learn/pressure-chamber-topics.ts,86,in_use,f33c281d-aada-40a5-8455-7a74d12aa437,supabase/migrations/20260904120000_pressure_chamber_2025_10_questions.sql,111,公益財団法人安全衛生技術試験協会 令和7年10月公表 高圧室内作業主任者試験 問3,KEEP_STATUTORY,0.004,0.2961,0.7998,0.0426,0,none,shared_topic_vocabulary,中,中,混在,n/a,n/a,n/a,中,statutory,yes,yes,刃口下方50 cm以上の掘り下げ禁止は高気圧則第25条の3。『50 cmまで掘ってよい』と読ませない文言に直した。セントルの種類は一般施工。
pc-tunnel-shield,learn,pressure_chamber,src/lib/data/learn/pressure-chamber-topics.ts,98,in_use,cfb5014b-ad7c-4d79-bc3c-ab69a65bc84a,supabase/migrations/20260904120000_pressure_chamber_2025_10_questions.sql,132,公益財団法人安全衛生技術試験協会 令和7年10月公表 高圧室内作業主任者試験 問4,KEEP_GENERAL,0.008,0.2857,0.6021,0.0517,0,subset,shared_topic_vocabulary,中,中,混在,n/a,n/a,n/a,中,general,yes,yes,マンロック位置と2D/3の寸法比を、出入設備の置き方として書いた。残る一致はマンロックという設備名。
pc-working-pressure,learn,pressure_chamber,src/lib/data/learn/pressure-chamber-topics.ts,110,in_use,f8d1e03a-2bd2-4c7a-adaa-3878f0462836,supabase/migrations/20260904120000_pressure_chamber_2025_10_questions.sql,153,公益財団法人安全衛生技術試験協会 令和7年10月公表 高圧室内作業主任者試験 問5,KEEP_GENERAL,0.0152,0.2006,0.4718,0.0461,0,subset,terminology_or_boilerplate,中,中,混在,n/a,n/a,n/a,中,general,yes,yes,P＝0.01×m×(H＋1.0)は公表されている概算式。例題数値は既に別。残る一致はこの式。式を変えると計算が合わなくなる。
pc-sinking-excavation,learn,pressure_chamber,src/lib/data/learn/pressure-chamber-topics.ts,132,in_use,773182da-019f-44a4-b68c-6fb02a8517ab,supabase/migrations/20260904120100_pressure_chamber_2026_04_questions.sql,132,公益財団法人安全衛生技術試験協会 令和8年4月公表 高圧室内作業主任者試験 問4,KEEP_STATUTORY,0.0,0.2466,0.5276,0.0462,0,full,shared_topic_vocabulary,中,中,混在,n/a,n/a,n/a,中,statutory,yes,yes,『中央を50 cm以上深く掘ることがある』は第25条の3と矛盾するため削除。中央から掘る手順は残し、刃口下方50 cm以上は禁止と明記した。
pc-pressure-air-control,learn,pressure_chamber,src/lib/data/learn/pressure-chamber-topics.ts,143,in_use,3d9bd38f-341b-475c-a94b-f1a16727c6be,supabase/migrations/20260904120000_pressure_chamber_2025_10_questions.sql,216,公益財団法人安全衛生技術試験協会 令和7年10月公表 高圧室内作業主任者試験 問8,KEEP_GENERAL,0.0153,0.3377,0.6644,0.1038,0,partial,statutory_or_formula_numbers,中,中,混在,n/a,n/a,n/a,中,general,yes,yes,理論気圧と刃口が水面すれすれ、というセットを、刃先と水位の関係から書いた。残る一致は作業圧力の決め方という一般施工。
pc-harmful-gas,learn,pressure_chamber,src/lib/data/learn/pressure-chamber-topics.ts,154,in_use,a57d39ec-3737-42a7-b7a6-5eeed5e09f42,supabase/migrations/20260904120000_pressure_chamber_2025_10_questions.sql,237,公益財団法人安全衛生技術試験協会 令和7年10月公表 高圧室内作業主任者試験 問9,KEEP_GENERAL,0.0,0.2953,0.5999,0.037,0,subset,shared_topic_vocabulary,中,中,混在,n/a,n/a,n/a,中,general,yes,yes,20℃検知管と高圧下ポータブル禁止の項目型を、測定の条件として肯定文にした。残る一致は検知管という測定法。
pc-electrical,learn,pressure_chamber,src/lib/data/learn/pressure-chamber-topics.ts,179,in_use,cb58473c-75bc-462f-846f-9478b7d5b208,supabase/migrations/20260904120000_pressure_chamber_2025_10_questions.sql,279,公益財団法人安全衛生技術試験協会 令和7年10月公表 高圧室内作業主任者試験 問11,KEEP_GENERAL,0.0,0.288,0.6089,0.0554,0,subset,shared_topic_vocabulary,中,中,混在,n/a,n/a,n/a,中,general,yes,yes,6600 V受電と2PNCTの束を、受電とケーブル種の役割に分けた。残る一致はこれらの電気仕様の慣用。
pc-oxygen-deficiency,learn,pressure_chamber,src/lib/data/learn/pressure-chamber-topics.ts,190,in_use,8a4ee372-f043-449a-8a7d-0478131d622d,supabase/migrations/20260904120100_pressure_chamber_2026_04_questions.sql,308,公益財団法人安全衛生技術試験協会 令和8年4月公表 高圧室内作業主任者試験 問12,KEEP_GENERAL,0.0074,0.2163,0.5154,0.0814,0,subset,shared_topic_vocabulary,中,中,混在,n/a,n/a,n/a,中,general,yes,yes,貫流1000 mは施工解説の到達距離、刃先20 cmはエアブロー防止の施工目安で、いずれも条文値ではない。16％は大気圧付近の生理目安であり、高気圧則の法定下限ではない。法令側の酸素は分圧18〜160 kPa（減圧中気こう室は220 kPa）。本文で根拠を分離した。
pc-compressor,learn,pressure_chamber,src/lib/data/learn/pressure-chamber-topics.ts,201,in_use,7b948025-baeb-42e8-86eb-2e2c763e4a2a,supabase/migrations/20260904120000_pressure_chamber_2025_10_questions.sql,321,公益財団法人安全衛生技術試験協会 令和7年10月公表 高圧室内作業主任者試験 問13,KEEP_GENERAL,0.0043,0.2568,0.5633,0.0588,0,subset,shared_topic_vocabulary,中,中,混在,n/a,n/a,n/a,中,general,yes,yes,オイルフリーは大気油分除去ではない、という項目核を、吸気位置とろ過の役割に変えた。残る一致は圧縮機の一般構成。
pc-air-pipes,learn,pressure_chamber,src/lib/data/learn/pressure-chamber-topics.ts,212,in_use,bf589482-6ff9-4058-976d-c6bde5021ea8,supabase/migrations/20260904120100_pressure_chamber_2026_04_questions.sql,350,公益財団法人安全衛生技術試験協会 令和8年4月公表 高圧室内作業主任者試験 問14,KEEP_GENERAL,0.0131,0.2147,0.5094,0.0547,0,partial,shared_topic_vocabulary,中,中,混在,n/a,n/a,n/a,中,general,yes,yes,逆止弁と吐出端レギュレータの項目型を、流れの向きと圧力調整の位置として書いた。残る一致は逆止弁という要素名。
pc-air-exhaust-layout,learn,pressure_chamber,src/lib/data/learn/pressure-chamber-topics.ts,223,in_use,735b88b1-ce8a-40a1-af55-8c41b80c441a,supabase/migrations/20260904120100_pressure_chamber_2026_04_questions.sql,371,公益財団法人安全衛生技術試験協会 令和8年4月公表 高圧室内作業主任者試験 問15,KEEP_GENERAL,0.0,0.2966,0.6731,0.0623,0,none,shared_topic_vocabulary,中,中,混在,n/a,n/a,n/a,中,general,yes,yes,作業室／ロックのバルブ配置を、給気と排気の経路図の見方に変えた。残る一致はバルブ位置という設備の一般知識。
pc-oxygen-decompression,learn,pressure_chamber,src/lib/data/learn/pressure-chamber-topics.ts,235,in_use,492ceeed-abce-497d-aabe-dd93c6ce1876,supabase/migrations/20260904120000_pressure_chamber_2025_10_questions.sql,384,公益財団法人安全衛生技術試験協会 令和7年10月公表 高圧室内作業主任者試験 問16,KEEP_GENERAL,0.0,0.2956,0.6272,0.049,0,full,shared_topic_vocabulary,中,中,混在,n/a,n/a,n/a,中,general,yes,yes,23％とエアブレイクを、酸素減圧の火災管理として書いた。23％は酸素濃度管理の目安として維持。残る一致はこの目安。
pc-mixed-gas,learn,pressure_chamber,src/lib/data/learn/pressure-chamber-topics.ts,246,in_use,abf242ec-cc39-4f23-b437-99107f923639,supabase/migrations/20260904120000_pressure_chamber_2025_10_questions.sql,405,公益財団法人安全衛生技術試験協会 令和7年10月公表 高圧室内作業主任者試験 問17,KEEP_GENERAL,0.0137,0.2517,0.663,0.0613,0,full,shared_topic_vocabulary,中,中,混在,n/a,n/a,n/a,中,general,yes,yes,0.3 MPa開始と7 m³×25の項目型を、混合ガスへ切り替える理由（酸素分圧）から書いた。残る一致は0.3 MPaという深度目安。
pc-equipment,learn,pressure_chamber,src/lib/data/learn/pressure-chamber-topics.ts,257,in_use,bd2b4d19-e9f0-4d7c-8a9d-51bd6634ae39,supabase/migrations/20260904120000_pressure_chamber_2025_10_questions.sql,426,公益財団法人安全衛生技術試験協会 令和7年10月公表 高圧室内作業主任者試験 問18,KEEP_GENERAL,0.0033,0.1812,0.4484,0.0431,0,none,terminology_or_boilerplate,中,中,混在,n/a,n/a,n/a,中,general,yes,yes,湿潤地山の天井ショベルという場面固定を、掘削機械の選び方に一般化した。残る一致はショベルという一般機械名。
pc-recompression,learn,pressure_chamber,src/lib/data/learn/pressure-chamber-topics.ts,268,in_use,85482694-e35e-4649-ab3a-390fa502db8f,supabase/migrations/20260904120000_pressure_chamber_2025_10_questions.sql,447,公益財団法人安全衛生技術試験協会 令和7年10月公表 高圧室内作業主任者試験 問19,KEEP_GENERAL,0.0041,0.2351,0.5497,0.0618,0,none,shared_topic_vocabulary,中,中,混在,n/a,n/a,n/a,中,general,yes,yes,0.18 MPaゲージは酸素再圧の手技上の加圧停止圧で、高気圧則の法定圧力ではない。酸素連続吸入ではなくエアブレイクを挟む。本文・図ラベル・altを手技として書いた。
pc-buhlmann,learn,pressure_chamber,src/lib/data/learn/pressure-chamber-topics.ts,280,in_use,699f7f89-70c4-4c49-9b2b-8d455e3eb08a,supabase/migrations/20260904120100_pressure_chamber_2026_04_questions.sql,476,公益財団法人安全衛生技術試験協会 令和8年4月公表 高圧室内作業主任者試験 問20,KEEP_STATUTORY,0.0418,0.2563,0.7329,0.1246,0,subset,shared_topic_vocabulary,中,中,混在,n/a,n/a,n/a,中,statutory,yes,yes,14時間は高気圧則の再潜水制限で維持。半飽和と血流の五主張を概念説明に圧縮した。残る一致は14時間。
pc-partial-pressure,learn,pressure_chamber,src/lib/data/learn/pressure-chamber-topics.ts,291,in_use,3a0d7378-6332-4f7f-8128-75d447586775,supabase/migrations/20260904120100_pressure_chamber_2026_04_questions.sql,497,公益財団法人安全衛生技術試験協会 令和8年4月公表 高圧室内作業主任者試験 問21,KEEP_GENERAL,0.0586,0.1098,0.36,0.0411,0,partial,terminology_or_boilerplate,弱,なし,別例題,n/a,n/a,n/a,弱,general,no,no,ドルトンの法則。例題0.5/0.35 MPaは比較先0.2 MPaと違う。
pc-fluid-properties,learn,pressure_chamber,src/lib/data/learn/pressure-chamber-topics.ts,302,in_use,b2d950f6-bcde-4955-8859-16ff6a9b9c37,supabase/migrations/20260904120000_pressure_chamber_2025_10_questions.sql,510,公益財団法人安全衛生技術試験協会 令和7年10月公表 高圧室内作業主任者試験 問22,KEEP_GENERAL,0.0,0.1963,0.4962,0.0449,0,partial,shared_topic_vocabulary,中,中,混在,n/a,n/a,n/a,中,general,yes,yes,101.3 kPaとppm換算は単位の一般知識。残る一致は1％=10000 ppm、1 atm≈101.3 kPa。換算を変えると誤り。
pc-oxygen-toxicity,learn,pressure_chamber,src/lib/data/learn/pressure-chamber-topics.ts,313,in_use,cf3e13f1-ab83-4f82-82b6-b4eb62ad7033,supabase/migrations/20260904120100_pressure_chamber_2026_04_questions.sql,581,公益財団法人安全衛生技術試験協会 令和8年4月公表 高圧室内作業主任者試験 問25,KEEP_GENERAL,0.0157,0.2385,0.5525,0.0403,0,partial,shared_topic_vocabulary,中,中,混在,n/a,n/a,n/a,中,general,yes,yes,600/2500 UPTDは公表されている酸素ばく露の目安。残る一致はこの限度値。創作値への置換はしていない。
pc-co2-toxicity,learn,pressure_chamber,src/lib/data/learn/pressure-chamber-topics.ts,324,in_use,1da2b09e-34d5-44c9-8bab-d4834a63e1cc,supabase/migrations/20260904120000_pressure_chamber_2025_10_questions.sql,552,公益財団法人安全衛生技術試験協会 令和7年10月公表 高圧室内作業主任者試験 問24,KEEP_GENERAL,0.0129,0.2727,0.6428,0.0992,0,subset,shared_topic_vocabulary,中,中,混在,n/a,n/a,n/a,中,general,yes,yes,300–400 ppmと0.3 MPa換気低下の束を、二酸化炭素の溜まり方から書いた。残る一致は大気約400 ppmという一般値。
pc-nitrogen-narcosis,learn,pressure_chamber,src/lib/data/learn/pressure-chamber-topics.ts,335,in_use,96986fcf-3f8b-455c-b6d8-a916d824e58c,supabase/migrations/20260904120000_pressure_chamber_2025_10_questions.sql,573,公益財団法人安全衛生技術試験協会 令和7年10月公表 高圧室内作業主任者試験 問25,KEEP_GENERAL,0.0122,0.2918,0.661,0.0672,0,full,shared_topic_vocabulary,中,中,混在,n/a,n/a,n/a,中,general,yes,yes,0.3 MPaで急増の長文を、分圧上昇と症状の関係に圧縮した。残る一致は窒素酔いが深度（分圧）で増える、という一般生理。
pc-dcs,learn,pressure_chamber,src/lib/data/learn/pressure-chamber-topics.ts,346,in_use,52c9acd1-fbbe-4be4-bae3-e54263174906,supabase/migrations/20260904120000_pressure_chamber_2025_10_questions.sql,594,公益財団法人安全衛生技術試験協会 令和7年10月公表 高圧室内作業主任者試験 問26,KEEP_GENERAL,0.0079,0.2301,0.4879,0.043,0,full,shared_topic_vocabulary,中,中,混在,n/a,n/a,n/a,中,general,yes,yes,0.1 MPa以下では稀、PFO、ベンズの項目型を、発症の場と重症度から書いた。残る一致は減圧症の一般臨床。
pc-barotrauma,learn,pressure_chamber,src/lib/data/learn/pressure-chamber-topics.ts,357,in_use,1fad2162-6ebe-4b70-b88c-e7c88e7811dc,supabase/migrations/20260904120000_pressure_chamber_2025_10_questions.sql,615,公益財団法人安全衛生技術試験協会 令和7年10月公表 高圧室内作業主任者試験 問27,KEEP_GENERAL,0.0039,0.1941,0.4769,0.036,0,full,terminology_or_boilerplate,中,中,混在,n/a,n/a,n/a,中,general,yes,yes,0.03 MPaで鼓膜痛は臨床の目安。残る一致はこの差圧目安。圧平衡の説明順は変えた。
pc-lung-rupture,learn,pressure_chamber,src/lib/data/learn/pressure-chamber-topics.ts,368,in_use,17bfc60b-9eaf-413a-b4c0-8bb245b6e1f4,supabase/migrations/20260904120000_pressure_chamber_2025_10_questions.sql,636,公益財団法人安全衛生技術試験協会 令和7年10月公表 高圧室内作業主任者試験 問28,KEEP_GENERAL,0.0,0.2725,0.5671,0.0383,0,subset,shared_topic_vocabulary,中,中,混在,n/a,n/a,n/a,中,general,yes,yes,気胸で肺は虚脱、という定義を残し、息止め浮上の危険から入る構成にした。残る一致は気胸の一般定義。
pc-body-effects,learn,pressure_chamber,src/lib/data/learn/pressure-chamber-topics.ts,379,in_use,687ba4f9-7636-49d6-a0bb-02b1a35a1dbc,supabase/migrations/20260904120100_pressure_chamber_2026_04_questions.sql,665,公益財団法人安全衛生技術試験協会 令和8年4月公表 高圧室内作業主任者試験 問29,KEEP_GENERAL,0.0041,0.2712,0.547,0.0615,0,subset,shared_topic_vocabulary,中,中,混在,n/a,n/a,n/a,中,general,yes,yes,0.3 MPaゲージでN2 4倍は分圧の計算例（絶対0.4×0.8／0.08）。残る一致はヘンリーの法則による比例。計算自体は一般。
pc-bls,learn,pressure_chamber,src/lib/data/learn/pressure-chamber-topics.ts,390,in_use,69251600-3cc3-437f-ab30-576ab5cf8d9a,supabase/migrations/20260904120000_pressure_chamber_2025_10_questions.sql,678,公益財団法人安全衛生技術試験協会 令和7年10月公表 高圧室内作業主任者試験 問30,KEEP_GENERAL,0.0175,0.2057,0.4722,0.0569,0,subset,terminology_or_boilerplate,中,中,混在,n/a,n/a,n/a,中,general,yes,yes,胸骨圧迫の深さ・テンポはガイドライン。残る一致はこの数値。潜水士教材と同系統だが、特定過去問の写しではない。
pc-pressure-gauges,learn,pressure_chamber,src/lib/data/learn/pressure-chamber-topics.ts,413,in_use,10a58bbc-291f-4103-bc16-f596df7a9c04,supabase/migrations/20260904120000_pressure_chamber_2025_10_questions.sql,720,公益財団法人安全衛生技術試験協会 令和7年10月公表 高圧室内作業主任者試験 問32,KEEP_STATUTORY,0.005,0.2327,0.3754,0.0656,0,subset,terminology_or_boilerplate,弱,なし,法定0.02 MPa/1月,n/a,n/a,n/a,中,statutory,no,no,圧力計の目盛と点検は省令。
pc-license,learn,pressure_chamber,src/lib/data/learn/pressure-chamber-topics.ts,424,in_use,58dcafce-57e9-457c-a3e4-f726e11e8980,supabase/migrations/20260904120000_pressure_chamber_2025_10_questions.sql,741,公益財団法人安全衛生技術試験協会 令和7年10月公表 高圧室内作業主任者試験 問33,KEEP_STATUTORY,0.0292,0.2953,0.6299,0.1164,0,subset,shared_topic_vocabulary,中,中,混在,n/a,n/a,n/a,中,statutory,yes,yes,20歳・1年欠格は法定。項目型の誤記束を、免許の欠格と返還の肯定手続に変えた。残る一致はこの法定年齢と欠格。
pc-special-education,learn,pressure_chamber,src/lib/data/learn/pressure-chamber-topics.ts,435,in_use,118ab76e-7c65-448f-9e0c-3caac351a5b1,supabase/migrations/20260904120000_pressure_chamber_2025_10_questions.sql,762,公益財団法人安全衛生技術試験協会 令和7年10月公表 高圧室内作業主任者試験 問34,KEEP_STATUTORY,0.019,0.1712,0.4205,0.1089,0,none,terminology_or_boilerplate,弱,なし,なし,n/a,n/a,n/a,中,statutory,no,no,特別教育の対象リストは条文の範囲そのもの。
pc-work-management,learn,pressure_chamber,src/lib/data/learn/pressure-chamber-topics.ts,446,in_use,fc355fbf-3b2f-4a7a-a1e2-e10b06fadc5d,supabase/migrations/20260904120000_pressure_chamber_2025_10_questions.sql,783,公益財団法人安全衛生技術試験協会 令和7年10月公表 高圧室内作業主任者試験 問35,KEEP_STATUTORY,0.0063,0.1673,0.4126,0.0523,0,subset,terminology_or_boilerplate,弱,なし,法定14時間/0.1 MPa,n/a,n/a,n/a,中,statutory,no,no,気こう連絡・14時間・0.1 MPa未満の溶接は省令。
pc-gas-limits,learn,pressure_chamber,src/lib/data/learn/pressure-chamber-topics.ts,457,in_use,f259a2e3-32a1-4a95-bdd9-02942d73cc59,supabase/migrations/20260904120000_pressure_chamber_2025_10_questions.sql,804,公益財団法人安全衛生技術試験協会 令和7年10月公表 高圧室内作業主任者試験 問36,KEEP_STATUTORY,0.0245,0.1201,0.5024,0.0743,0,subset,shared_topic_vocabulary,弱,なし,法定0.5/18/160/220/400,n/a,n/a,n/a,中,statutory,no,no,ガス上限は省令。0.5 kPaの桁トラップは同一条文。
pc-pressurize-decompress,learn,pressure_chamber,src/lib/data/learn/pressure-chamber-topics.ts,468,in_use,e163b66f-d67d-481a-95ac-317fcaab0f6f,supabase/migrations/20260904120000_pressure_chamber_2025_10_questions.sql,825,公益財団法人安全衛生技術試験協会 令和7年10月公表 高圧室内作業主任者試験 問37,KEEP_STATUTORY,0.015,0.2256,0.4656,0.1026,0,subset,terminology_or_boilerplate,弱,なし,法定0.08 MPa/min・20 lx,n/a,n/a,n/a,中,statutory,no,no,加圧速度と照度は省令。
pc-health-exam,learn,pressure_chamber,src/lib/data/learn/pressure-chamber-topics.ts,490,in_use,eeb35d8e-ea2f-4a99-86b1-68a249063a54,supabase/migrations/20260904120000_pressure_chamber_2025_10_questions.sql,867,公益財団法人安全衛生技術試験協会 令和7年10月公表 高圧室内作業主任者試験 問39,KEEP_STATUTORY,0.0173,0.1501,0.3818,0.0506,0,full,terminology_or_boilerplate,弱,なし,法定6月/3月/5年,n/a,n/a,n/a,中,statutory,no,no,健診時期・意見聴取・保存は省令。
pc-safety-system,learn,pressure_chamber,src/lib/data/learn/pressure-chamber-topics.ts,501,in_use,3c188be5-df95-4ed5-a8e8-c95cc9c50cf1,supabase/migrations/20260904120000_pressure_chamber_2025_10_questions.sql,888,公益財団法人安全衛生技術試験協会 令和7年10月公表 高圧室内作業主任者試験 問40,KEEP_STATUTORY,0.0166,0.2835,0.6787,0.0785,0,full,shared_topic_vocabulary,中,中,混在,n/a,n/a,n/a,中,statutory,yes,yes,30人・20–30人は安衛法の管理体制閾値。残る一致はこの人数境。閾値は変更不可。
cg-types-structure,learn,cargo_gear,src/lib/data/learn/cargo-gear-topics.ts,63,in_use,69cfba9a-70d7-4b5d-92f8-0a6c20dcc598,supabase/migrations/20260904130000_cargo_gear_2025_10_questions.sql,69,公益財団法人安全衛生技術試験協会 令和7年10月公表 揚貨装置運転士試験 問1,KEEP_GENERAL,0.0051,0.1271,0.4842,0.0362,0,subset,shared_topic_vocabulary,強,強,なし,n/a,n/a,n/a,中,general,yes,yes,型式五文の並びを構造の見方（ブーム・旋回・走行）に組み替えた。残る一致はデリック／クレーンの一般分類語だけ。
cg-lifting-gear-hooks,learn,cargo_gear,src/lib/data/learn/cargo-gear-topics.ts,120,in_use,f9653882-3bef-4165-bb26-d43e8a6e82a0,supabase/migrations/20260904130000_cargo_gear_2025_10_questions.sql,153,公益財団法人安全衛生技術試験協会 令和7年10月公表 揚貨装置運転士試験 問5,KEEP_GENERAL,0.0085,0.1752,0.4912,0.0685,0,full,shared_topic_vocabulary,強,強,40t,n/a,n/a,n/a,強,general,yes,yes,『本試験の誤り文』型のつり具リストを、掴む力・吸える物・フック形の対比に変えた。残る一致はグリッパー／マグネット／グラブの教科書定義。
cg-fittings-shackle-rope,learn,cargo_gear,src/lib/data/learn/cargo-gear-topics.ts,135,in_use,0392a01d-3f99-42f9-b16f-095998b4946f,supabase/migrations/20260904130000_cargo_gear_2025_10_questions.sql,174,公益財団法人安全衛生技術試験協会 令和7年10月公表 揚貨装置運転士試験 問6,KEEP_GENERAL,0.0,0.1271,0.4724,0.0424,0,full,terminology_or_boilerplate,中,弱,120°,n/a,n/a,n/a,中,general,yes,yes,名称と形を逆にする、という項目型トラップをやめ、ピンを荷重と直角に通す実務から入った。残る一致はバウ＝ふくらみ、ストレート＝D形、シーブ接触120度以上という装具の一般定義。120度は教科書目安で法令閾値ではないが、定義そのものなので維持。
cg-rated-load-angle,learn,cargo_gear,src/lib/data/learn/cargo-gear-topics.ts,175,in_use,575b4711-51fb-4fbf-aaca-50889b3a74d7,supabase/migrations/20260904130100_cargo_gear_2026_04_questions.sql,237,公益財団法人安全衛生技術試験協会 令和8年4月公表 揚貨装置運転士試験 問9,KEEP_STATUTORY,0.136,0.1291,0.5323,0.3002,0,subset,shared_topic_vocabulary,強,強,なし,n/a,n/a,n/a,強,statutory,yes,yes,制限荷重とジブ角度の説明順を変えた。残る一致は制限荷重の定義と角度による荷重変化という法令・構造の一般関係。創作数値は増やしていない。
cg-derrick-gooseneck,learn,cargo_gear,src/lib/data/learn/cargo-gear-topics.ts,188,in_use,4da555f4-39bd-4f6d-8242-4752c069e815,supabase/migrations/20260904130100_cargo_gear_2026_04_questions.sql,258,公益財団法人安全衛生技術試験協会 令和8年4月公表 揚貨装置運転士試験 問10,KEEP_GENERAL,0.152,0.1411,0.7124,0.2262,0,subset,shared_topic_vocabulary,強,強,なし,n/a,n/a,n/a,強,general,yes,yes,グースネック周辺の誤肢歩きを部材の役割説明に変えた。残る一致はグースネック・ガイの一般名称。
cg-license-qualifications,learn,cargo_gear,src/lib/data/learn/cargo-gear-topics.ts,202,in_use,9385847a-ca6e-425e-8fec-240db564534f,supabase/migrations/20260904130000_cargo_gear_2025_10_questions.sql,279,公益財団法人安全衛生技術試験協会 令和7年10月公表 揚貨装置運転士試験 問11,KEEP_STATUTORY,0.1549,0.1487,0.5112,0.1207,0,subset,shared_topic_vocabulary,強,強,法定5t/1t＋物語トン,n/a,n/a,n/a,強,statutory,yes,yes,資格境界の五文キーを、総トン数と制限荷重の確認手順に組み替えた。残る一致は700トン未満・2トン以上など安衛則の閾値。閾値は変更不可。
cg-wire-safety-factor,learn,cargo_gear,src/lib/data/learn/cargo-gear-topics.ts,215,in_use,ac4a6244-048f-44fc-a19d-9fa2baa4e957,supabase/migrations/20260904130000_cargo_gear_2025_10_questions.sql,300,公益財団法人安全衛生技術試験協会 令和7年10月公表 揚貨装置運転士試験 問12,KEEP_STATUTORY,0.0847,0.1336,0.3787,0.1471,0,none,shared_topic_vocabulary,弱,なし,法定6以上,n/a,n/a,n/a,中,statutory,no,no,切断荷重÷最大荷重と玉掛け6以上は省令。
cg-harbor-hazard-prevention,learn,cargo_gear,src/lib/data/learn/cargo-gear-topics.ts,228,in_use,d583cb66-8066-433d-a3cb-5baae500a5a4,supabase/migrations/20260904130100_cargo_gear_2026_04_questions.sql,300,公益財団法人安全衛生技術試験協会 令和8年4月公表 揚貨装置運転士試験 問12,KEEP_STATUTORY,0.1369,0.1399,0.3687,0.2776,0,none,terminology_or_boilerplate,中,なし,なし,n/a,n/a,n/a,中,statutory,no,no,危険物の事前調査と帯鉄へのフック禁止は港湾荷役の規定。
cg-sling-inspection,learn,cargo_gear,src/lib/data/learn/cargo-gear-topics.ts,254,in_use,64dcb3c7-9fd8-43ae-b723-b5c3997789c7,supabase/migrations/20260904130100_cargo_gear_2026_04_questions.sql,384,公益財団法人安全衛生技術試験協会 令和8年4月公表 揚貨装置運転士試験 問16,KEEP_STATUTORY,0.1031,0.1785,0.4472,0.3269,0,none,terminology_or_boilerplate,弱,なし,なし,n/a,n/a,n/a,中,statutory,no,no,始業前点検と即時交換は条文。
cg-ship-cargo-chief,learn,cargo_gear,src/lib/data/learn/cargo-gear-topics.ts,267,in_use,a52ae461-f6d7-4d4d-a276-2caaafdd647b,supabase/migrations/20260904130000_cargo_gear_2025_10_questions.sql,384,公益財団法人安全衛生技術試験協会 令和7年10月公表 揚貨装置運転士試験 問16,KEEP_STATUTORY,0.0225,0.1679,0.4529,0.1101,0,subset,terminology_or_boilerplate,中,弱,法定500 t,n/a,n/a,n/a,中,statutory,yes,yes,比較先と同じ600トン例を削除。残る一致は技能講習修了者からの選任、直接指揮、総トン数500トン未満かつ揚貨装置なしは対象外、という安衛則の選任要件。500トン境は変更不可。
cg-operation-signals,learn,cargo_gear,src/lib/data/learn/cargo-gear-topics.ts,293,in_use,3ded16ce-1076-4b65-a925-5e18231d09e5,supabase/migrations/20260904130000_cargo_gear_2025_10_questions.sql,426,公益財団法人安全衛生技術試験協会 令和7年10月公表 揚貨装置運転士試験 問18,KEEP_STATUTORY,0.1494,0.1441,0.4532,0.1493,0,none,terminology_or_boilerplate,中,弱,なし,n/a,n/a,n/a,中,statutory,yes,yes,『船舶ごと指名』『運転士の自己指名』を結論の対パンチラインにしない構成へ変えた。残る一致は事業者が合図を定め、揚貨装置ごとに指名する、という安衛則467条の主語。条文の主語は変更不可。
cg-handling-rules,learn,cargo_gear,src/lib/data/learn/cargo-gear-topics.ts,306,in_use,376000a2-48b3-42a0-ac0e-37b4743da48c,supabase/migrations/20260904130000_cargo_gear_2025_10_questions.sql,447,公益財団法人安全衛生技術試験協会 令和7年10月公表 揚貨装置運転士試験 問19,KEEP_STATUTORY,0.1827,0.1855,0.4124,0.2901,0,none,terminology_or_boilerplate,強,強,なし,n/a,n/a,n/a,強,statutory,yes,yes,取扱いの誤肢セットを開始前点検・ハッチ直下・離席禁止の肯定義務に変えた。残る一致は安衛則の取扱い条項そのもの。
cg-license-card,learn,cargo_gear,src/lib/data/learn/cargo-gear-topics.ts,319,in_use,e4aecf6c-56b1-47db-b5c2-b1773a5046f5,supabase/migrations/20260901120100_crane_all_past_exam_questions.sql,287,公益財団法人安全衛生技術試験協会 令和7年10月公表 クレーン・デリック運転士（限定なし）試験 問11,KEEP_STATUTORY,0.162,0.1605,0.5051,0.0715,0,partial,shared_topic_vocabulary,中,弱,法定1年,n/a,n/a,n/a,中,statutory,yes,yes,遅滞なく都道府県労働局長へ返還、取消し後1年は再取得不可は免許行政の共有ルール。残る一致はこの法定手続だけ。14日／30日／監督署長という創作期限は使っていない。
cg-voltage-current-heat,learn,cargo_gear,src/lib/data/learn/cargo-gear-topics.ts,345,in_use,253a7d94-8068-42b2-a79d-1b5febecf675,supabase/migrations/20260904130100_cargo_gear_2026_04_questions.sql,510,公益財団法人安全衛生技術試験協会 令和8年4月公表 揚貨装置運転士試験 問22,KEEP_GENERAL,0.0,0.1348,0.4176,0.0546,0,subset,terminology_or_boilerplate,弱,なし,別例題,n/a,n/a,n/a,弱,general,no,no,1 mA＝0.001 Aとジュール熱。120 V/150 W/8 hは比較先と違う。
cg-hydraulic-motor,learn,cargo_gear,src/lib/data/learn/cargo-gear-topics.ts,410,in_use,93d5ea8f-748b-4d78-a1b2-81fc497e84eb,supabase/migrations/20260904130100_cargo_gear_2026_04_questions.sql,615,公益財団法人安全衛生技術試験協会 令和8年4月公表 揚貨装置運転士試験 問27,KEEP_GENERAL,0.1216,0.1226,0.4478,0.2407,0,none,terminology_or_boilerplate,強,強,なし,n/a,n/a,n/a,強,general,yes,yes,油圧モータの誤肢並びを作動原理の説明に変えた。残る一致は容積式・回転運動という教科書用語。
cg-motor-accessories,learn,cargo_gear,src/lib/data/learn/cargo-gear-topics.ts,436,in_use,d293e00b-8ec0-4b9f-ad81-d1620682fc07,supabase/migrations/20260904130100_cargo_gear_2026_04_questions.sql,657,公益財団法人安全衛生技術試験協会 令和8年4月公表 揚貨装置運転士試験 問29,KEEP_GENERAL,0.1717,0.1759,0.6391,0.1559,0,subset,shared_topic_vocabulary,強,強,なし,n/a,n/a,n/a,強,general,yes,yes,附属装置の項目型リストを機能説明に変えた。残る一致はリリーフ弁・フィルタの一般名称。
