query_kind,query_exam_id,query_id,query_topic_id,query_file,query_line,query_usage,query_subject,query_summary,peer_kind,peer_exam_id,peer_id,peer_file,peer_line,peer_note,compared_field,tier,reason,same_exam,exact_stem,containment,jaccard_stem_keep,jaccard_stem_drop,jaccard_combo_keep,jaccard_combo_drop,tfidf_keep,tfidf_drop,seq_keep,seq_drop,lcs_len,lcs_ratio,expl_seq,gram_containment,choice_hits,choice_ratio,correct_index_same,number_match,shared_numbers,distinctive_shared_numbers,title_jaccard,calc_jaccard,alt_jaccard
multiple_choice,diver,68095589-d2f8-4f01-977c-ce477d25dd8b,,supabase/migrations/20260904093530_diver_original_questions.sql,814,in_use,関係法令,空気圧縮機で送気する潜水で、予備空気槽を設けないことができる場合として…,multiple_choice,diver,0f602acb-cc9f-407a-b2eb-716acd6e597b,supabase/migrations/20260903120000_diver_2025_10_questions.sql,702,公益財団法人安全衛生技術試験協会 令和7年10月公表 潜水士試験 問31,stem+choices,MEDIUM,noticeable_overlap+some_choices,True,False,False,0.0702,0.0702,0.2357,0.2348,0.6678,0.6674,0.4308,0.4308,14,0.4118,0.0,0.2258,1,0.2,False,none,,,0.0,0.0,0.0
learn_example,pressure_chamber,pc-airlock-standards,pc-airlock-standards,src/lib/data/learn/pressure-chamber-topics.ts,401,in_use,関係法令,気こう室の設備基準,multiple_choice,pressure_chamber,3e2de051-7563-4f2b-b53b-d431c0eb5e60,supabase/migrations/20260904120000_pressure_chamber_2025_10_questions.sql,699,公益財団法人安全衛生技術試験協会 令和7年10月公表 高圧室内作業主任者試験 問31,learn_fields,MEDIUM,noticeable_overlap+distinctive_numbers,True,False,False,0.015,0.0161,0.2416,0.2431,0.5693,0.5646,0.0444,0.0407,7,0.0238,0.0,0.2904,0,0.0,False,subset,1|2|3|53|0.1|0.3|0.6,0.6|53,0.04,0.1379,0.0415
multiple_choice,cargo_gear,27d942e3-03ea-40b1-9bcc-9a38c64ae299,,supabase/migrations/20260904093533_cargo_gear_original_questions.sql,436,in_use,関係法令,港湾荷役で玉掛けに用いる用具のうち、法令上まだ使用できるものはどれか。,multiple_choice,mobile_crane,af6e94bb-9a97-45bd-8a15-3fcf7080265f,supabase/migrations/20260902140000_mobile_crane_2026_04_questions.sql,557,公益財団法人安全衛生技術試験協会 令和8年4月公表 移動式クレーン運転士試験 問27,stem+choices,LOW,statutory_or_formula_numbers,False,False,False,0.1207,0.1186,0.1273,0.1402,0.3549,0.3983,0.4638,0.4571,16,0.4103,0.0,0.1852,1,0.2,False,partial,6,,0.0,0.0,0.0
learn_example,cargo_gear,cg-derrick-gooseneck,cg-derrick-gooseneck,src/lib/data/learn/cargo-gear-topics.ts,180,in_use,揚貨装置に関する知識,デリック型式の構造,multiple_choice,cargo_gear,f26f4908-fa82-4d0a-b19a-5ad616f20e6e,supabase/migrations/20260904130000_cargo_gear_2025_10_questions.sql,258,公益財団法人安全衛生技術試験協会 令和7年10月公表 揚貨装置運転士試験 問10,learn_fields,LOW,shared_topic_vocabulary,True,False,False,0.02,0.0198,0.1323,0.1367,0.5781,0.5787,0.09,0.0895,14,0.0504,0.0,0.1694,0,0.0,False,full,1,,0.1875,0.0,0.0509
learn_example,cargo_gear,cg-fittings-shackle-rope,cg-fittings-shackle-rope,src/lib/data/learn/cargo-gear-topics.ts,131,in_use,揚貨装置に関する知識,揚貨装具(シャックル・ロープ),multiple_choice,cargo_gear,5df16995-8bd7-4760-b95a-ceeaedebe494,supabase/migrations/20260904130100_cargo_gear_2026_04_questions.sql,174,公益財団法人安全衛生技術試験協会 令和8年4月公表 揚貨装置運転士試験 問6,learn_fields,LOW,terminology_or_boilerplate,True,False,False,0.0,0.0,0.1298,0.1298,0.4323,0.4292,0.0461,0.0461,7,0.0249,0.0,0.1767,0,0.0,False,full,120,,0.0714,0.0,0.0
learn_example,cargo_gear,cg-handling-rules,cg-handling-rules,src/lib/data/learn/cargo-gear-topics.ts,294,in_use,関係法令,揚貨装置の取扱い,multiple_choice,cargo_gear,54beab1a-aba2-4d57-98be-ded17f2311e5,supabase/migrations/20260904130100_cargo_gear_2026_04_questions.sql,447,公益財団法人安全衛生技術試験協会 令和8年4月公表 揚貨装置運転士試験 問19,learn_fields,LOW,terminology_or_boilerplate,True,False,False,0.1412,0.1409,0.1488,0.1485,0.3775,0.3775,0.2837,0.2832,82,0.2087,0.0,0.2418,0,0.0,False,none,,,0.0187,0.0,0.0
learn_example,cargo_gear,cg-harbor-hazard-prevention,cg-harbor-hazard-prevention,src/lib/data/learn/cargo-gear-topics.ts,220,in_use,関係法令,港湾荷役作業の危険防止措置,multiple_choice,cargo_gear,d583cb66-8066-433d-a3cb-5baae500a5a4,supabase/migrations/20260904130100_cargo_gear_2026_04_questions.sql,300,公益財団法人安全衛生技術試験協会 令和8年4月公表 揚貨装置運転士試験 問12,learn_fields,LOW,terminology_or_boilerplate,True,False,False,0.1369,0.1367,0.1399,0.1398,0.3715,0.3715,0.2776,0.2774,152,0.2265,0.0,0.1936,0,0.0,False,none,,,0.0169,0.0,0.0
learn_example,cargo_gear,cg-license-card,cg-license-card,src/lib/data/learn/cargo-gear-topics.ts,305,in_use,関係法令,免許・免許証の取扱い,multiple_choice,crane_all,e4aecf6c-56b1-47db-b5c2-b1773a5046f5,supabase/migrations/20260901120100_crane_all_past_exam_questions.sql,287,公益財団法人安全衛生技術試験協会 令和7年10月公表 クレーン・デリック運転士（限定なし）試験 問11,learn_fields,LOW,shared_topic_vocabulary,False,False,False,0.1663,0.1709,0.1647,0.169,0.4996,0.5017,0.0581,0.0572,20,0.0481,0.0,0.2614,0,0.0,False,subset,1|5|30,,0.0065,0.0,0.0
learn_example,cargo_gear,cg-motor-accessories,cg-motor-accessories,src/lib/data/learn/cargo-gear-topics.ts,418,in_use,原動機及び電気に関する知識,電動機の付属機器,multiple_choice,cargo_gear,d293e00b-8ec0-4b9f-ad81-d1620682fc07,supabase/migrations/20260904130100_cargo_gear_2026_04_questions.sql,657,公益財団法人安全衛生技術試験協会 令和8年4月公表 揚貨装置運転士試験 問29,learn_fields,LOW,shared_topic_vocabulary,True,False,False,0.1425,0.1413,0.1487,0.1476,0.5689,0.5664,0.186,0.1833,45,0.1568,0.0,0.2181,0,0.0,False,none,,,0.024,0.0,0.0
learn_example,cargo_gear,cg-operation-signals,cg-operation-signals,src/lib/data/learn/cargo-gear-topics.ts,283,in_use,関係法令,運転の合図,multiple_choice,cargo_gear,3ded16ce-1076-4b65-a925-5e18231d09e5,supabase/migrations/20260904130000_cargo_gear_2025_10_questions.sql,426,公益財団法人安全衛生技術試験協会 令和7年10月公表 揚貨装置運転士試験 問18,learn_fields,LOW,terminology_or_boilerplate,True,False,False,0.1418,0.1436,0.1364,0.1381,0.4125,0.4125,0.1095,0.109,34,0.0789,0.0,0.2283,0,0.0,False,none,,,0.0036,0.0,0.0
learn_example,cargo_gear,cg-rated-load-angle,cg-rated-load-angle,src/lib/data/learn/cargo-gear-topics.ts,169,in_use,揚貨装置に関する知識,制限荷重と制限角度,multiple_choice,cargo_gear,575b4711-51fb-4fbf-aaca-50889b3a74d7,supabase/migrations/20260904130100_cargo_gear_2026_04_questions.sql,237,公益財団法人安全衛生技術試験協会 令和8年4月公表 揚貨装置運転士試験 問9,learn_fields,LOW,shared_topic_vocabulary,True,False,False,0.1394,0.1446,0.1343,0.1392,0.5128,0.5141,0.327,0.3326,69,0.3,0.0,0.1702,0,0.0,False,subset,1,,0.0258,0.0,0.0
learn_example,cargo_gear,cg-ship-cargo-chief,cg-ship-cargo-chief,src/lib/data/learn/cargo-gear-topics.ts,259,in_use,関係法令,船内荷役作業主任者,multiple_choice,cargo_gear,a52ae461-f6d7-4d4d-a276-2caaafdd647b,supabase/migrations/20260904130000_cargo_gear_2025_10_questions.sql,384,公益財団法人安全衛生技術試験協会 令和7年10月公表 揚貨装置運転士試験 問16,learn_fields,LOW,shared_topic_vocabulary,True,False,False,0.0276,0.0276,0.1807,0.188,0.4872,0.4938,0.1228,0.1228,21,0.0698,0.0,0.2601,0,0.0,False,none,,,0.1944,0.0,0.0
learn_example,cargo_gear,cg-sling-inspection,cg-sling-inspection,src/lib/data/learn/cargo-gear-topics.ts,246,in_use,関係法令,スリングの点検時期,multiple_choice,cargo_gear,64dcb3c7-9fd8-43ae-b723-b5c3997789c7,supabase/migrations/20260904130100_cargo_gear_2026_04_questions.sql,384,公益財団法人安全衛生技術試験協会 令和8年4月公表 揚貨装置運転士試験 問16,learn_fields,LOW,terminology_or_boilerplate,True,False,False,0.1031,0.1019,0.1785,0.1767,0.4535,0.4501,0.3269,0.3228,51,0.2116,0.0,0.3846,0,0.0,False,none,,,0.0448,0.0,0.0
learn_example,cargo_gear,cg-wire-safety-factor,cg-wire-safety-factor,src/lib/data/learn/cargo-gear-topics.ts,207,in_use,関係法令,ワイヤロープの安全係数,multiple_choice,cargo_gear,ac4a6244-048f-44fc-a19d-9fa2baa4e957,supabase/migrations/20260904130000_cargo_gear_2025_10_questions.sql,300,公益財団法人安全衛生技術試験協会 令和7年10月公表 揚貨装置運転士試験 問12,learn_fields,LOW,shared_topic_vocabulary,True,False,False,0.0847,0.0851,0.1336,0.1341,0.3803,0.3208,0.1471,0.1374,25,0.0801,0.0,0.76,0,0.0,False,none,,,0.3077,0.0,0.0
multiple_choice,crane_all,014ffd9f-fb00-408a-a9db-df3dac32ef84,,supabase/migrations/20260904090843_crane_all_original_questions.sql,436,in_use,関係法令,クレーンの運転資格に関する記述として、正しいものはどれか。,multiple_choice,crane_all,957e7fc0-6300-4e88-b580-0db230b757fc,supabase/migrations/20260901120100_crane_all_past_exam_questions.sql,1328,公益財団法人安全衛生技術試験協会 令和8年4月公表 クレーン・デリック運転士（限定なし）試験 問19,stem+choices,LOW,short_topic_header,True,False,False,0.2162,0.2162,0.1538,0.1818,0.2933,0.3685,0.5306,0.5306,13,0.4062,0.0,0.4286,0,0.0,False,none,,,0.0,0.0,0.0
multiple_choice,crane_all,038921ae-12ff-4a86-a82b-42dcec2c5718,,supabase/migrations/20260904090843_crane_all_original_questions.sql,463,in_use,関係法令,クレーンの定期自主検査に関する記述として、正しいものはどれか。,multiple_choice,mobile_crane,75bb0c07-4a24-49b2-95cf-429a5c817af8,supabase/migrations/20260902140000_mobile_crane_2026_04_questions.sql,578,公益財団法人安全衛生技術試験協会 令和8年4月公表 移動式クレーン運転士試験 問28,stem+choices,LOW,short_topic_header,False,False,False,0.5909,0.5909,0.1367,0.1497,0.4118,0.4316,0.8718,0.8718,17,0.85,0.0,0.7059,0,0.0,False,full,1|3,,0.0,0.0,0.0
multiple_choice,crane_all,9e6d940c-d7ae-47b2-8131-c050f8fcc796,,supabase/migrations/20260904090843_crane_all_original_questions.sql,598,in_use,原動機及び電気に関する知識,クレーンに使用される電動機の種類と特性に関する記述として、正しいものは…,multiple_choice,crane_all,845495ff-ddb9-4471-b112-e3495c5b95dd,supabase/migrations/20260901120100_crane_all_past_exam_questions.sql,1412,公益財団法人安全衛生技術試験協会 令和8年4月公表 クレーン・デリック運転士（限定なし）試験 問23,stem+choices,LOW,short_topic_header,True,False,False,0.2368,0.2368,0.1242,0.1246,0.4867,0.4902,0.5882,0.5882,15,0.5556,0.0,0.3333,0,0.0,False,none,,,0.0,0.0,0.0
learn_example,crane_all,ac-dc-basics,ac-dc-basics,src/lib/data/learn/crane-all-topics.ts,292,in_use,原動機及び電気に関する知識,直流と交流の基礎,multiple_choice,crane_all,ff1b7f22-8da4-4118-a7b0-918d5c6338dd,supabase/migrations/20260901120100_crane_all_past_exam_questions.sql,505,公益財団法人安全衛生技術試験協会 令和7年10月公表 クレーン・デリック運転士（限定なし）試験 問21,learn_fields,LOW,terminology_or_boilerplate,True,False,False,0.0,0.0,0.1512,0.1516,0.4193,0.4167,0.0366,0.0364,6,0.0197,0.0,0.1644,0,0.0,False,none,,,0.0,0.0,0.0137
learn_example,crane_all,completion-performance-inspection,completion-performance-inspection,src/lib/data/learn/crane-all-topics.ts,214,in_use,関係法令,落成検査・性能検査,multiple_choice,crane_all,ac7cefed-bcd2-4d06-bedd-f3f8155ee11b,supabase/migrations/20260901120100_crane_all_past_exam_questions.sql,1217,公益財団法人安全衛生技術試験協会 令和8年4月公表 クレーン・デリック運転士（限定なし）試験 問14,learn_fields,LOW,shared_topic_vocabulary,True,False,False,0.0376,0.0376,0.2191,0.2187,0.5102,0.5111,0.1123,0.1121,32,0.0626,0.0,0.247,0,0.0,False,none,,,0.0,0.0,0.0
learn_example,crane_all,controllers-switches,controllers-switches,src/lib/data/learn/crane-all-topics.ts,320,in_use,原動機及び電気に関する知識,制御器・スイッチ,multiple_choice,crane_all,45e02262-07f1-40e8-815f-2ad887facd43,supabase/migrations/20260901120100_crane_all_past_exam_questions.sql,1433,公益財団法人安全衛生技術試験協会 令和8年4月公表 クレーン・デリック運転士（限定なし）試験 問24,learn_fields,LOW,shared_topic_vocabulary,True,False,False,0.0049,0.0049,0.1921,0.1985,0.5746,0.5779,0.0617,0.061,15,0.0327,0.0,0.2172,0,0.0,False,partial,1,,0.0,0.0,0.0
learn_example,crane_all,derrick-types-structure,derrick-types-structure,src/lib/data/learn/crane-all-topics.ts,74,in_use,クレーン及びデリックに関する知識,デリックの種類と構造,multiple_choice,crane_all,07af7c33-a859-4289-9a69-69f480dcad15,supabase/migrations/20260901120100_crane_all_past_exam_questions.sql,1091,公益財団法人安全衛生技術試験協会 令和8年4月公表 クレーン・デリック運転士（限定なし）試験 問8,learn_fields,LOW,shared_topic_vocabulary,True,False,False,0.0044,0.0044,0.1492,0.1591,0.6009,0.6122,0.0269,0.0264,8,0.0141,0.0,0.1739,0,0.0,False,partial,1|2|6|240,,0.1852,0.0,0.0435
learn_example,crane_all,electric-shock,electric-shock,src/lib/data/learn/crane-all-topics.ts,347,in_use,原動機及び電気に関する知識,感電・漏電とその防止,multiple_choice,crane_all,2705da57-a4d3-4fae-8b0f-28781d631376,supabase/migrations/20260901120100_crane_all_past_exam_questions.sql,1560,公益財団法人安全衛生技術試験協会 令和8年4月公表 クレーン・デリック運転士（限定なし）試験 問30,learn_fields,LOW,shared_topic_vocabulary,True,False,False,0.0,0.0,0.2079,0.2079,0.5205,0.5205,0.0373,0.0373,8,0.0198,0.0,0.2494,0,0.0,False,none,,,0.0714,0.0,0.0
learn_example,crane_all,hoist-and-brake,hoist-and-brake,src/lib/data/learn/crane-all-topics.ts,118,in_use,クレーン及びデリックに関する知識,巻上げ装置とブレーキ,multiple_choice,crane_all,2959946b-e878-41db-83c5-67954c8661ac,supabase/migrations/20260901120100_crane_all_past_exam_questions.sql,203,公益財団法人安全衛生技術試験協会 令和7年10月公表 クレーン・デリック運転士（限定なし）試験 問7,learn_fields,LOW,terminology_or_boilerplate,True,False,False,0.0043,0.0043,0.1382,0.1387,0.4466,0.4462,0.0458,0.0459,12,0.024,0.0,0.1538,0,0.0,False,subset,150,,0.0357,0.0,0.0205
learn_example,crane_all,inspection-certificate,inspection-certificate,src/lib/data/learn/crane-all-topics.ts,227,in_use,関係法令,クレーン検査証,multiple_choice,mobile_crane,f5b11f26-222e-47b4-a9af-5489927c2b86,supabase/migrations/20260902140000_mobile_crane_2026_04_questions.sql,450,公益財団法人安全衛生技術試験協会 令和8年4月公表 移動式クレーン運転士試験 問22,learn_fields,LOW,shared_topic_vocabulary,False,False,False,0.0239,0.0261,0.189,0.1921,0.492,0.4937,0.0772,0.076,20,0.0446,0.0,0.2219,0,0.0,False,full,2|3|10,,0.0678,0.0,0.0
learn_example,crane_all,installation-notification,installation-notification,src/lib/data/learn/crane-all-topics.ts,199,in_use,関係法令,クレーンの設置・使用の届出,multiple_choice,crane_all,46eabefc-4b6f-4a68-9fb9-d28da23c763f,supabase/migrations/20260901120100_crane_all_past_exam_questions.sql,1306,公益財団法人安全衛生技術試験協会 令和8年4月公表 クレーン・デリック運転士（限定なし）試験 問18,learn_fields,LOW,shared_topic_vocabulary,True,False,False,0.0428,0.0461,0.2496,0.2582,0.573,0.5838,0.1149,0.1205,39,0.0668,0.0,0.2944,0,0.0,False,partial,3|10|30,,0.01,0.0,0.0
learn_example,crane_all,insulation-grounding,insulation-grounding,src/lib/data/learn/crane-all-topics.ts,360,in_use,原動機及び電気に関する知識,絶縁・接地,multiple_choice,crane_all,f98b6559-97f4-4b76-8052-099652d3055b,supabase/migrations/20260901120100_crane_all_past_exam_questions.sql,1454,公益財団法人安全衛生技術試験協会 令和8年4月公表 クレーン・デリック運転士（限定なし）試験 問25,learn_fields,LOW,terminology_or_boilerplate,True,False,False,0.0,0.0,0.1335,0.1335,0.4424,0.4424,0.0528,0.0528,10,0.0286,0.0,0.1504,0,0.0,False,none,,,0.0,0.0,0.0
learn_example,crane_all,load-types,load-types,src/lib/data/learn/crane-all-topics.ts,498,in_use,クレーンの運転のために必要な力学に関する知識,荷重の種類(静荷重・動荷重),multiple_choice,crane_all,34ac2d0c-b0d7-4df3-8885-c1ee3930cc5e,supabase/migrations/20260901120100_crane_all_past_exam_questions.sql,806,公益財団法人安全衛生技術試験協会 令和7年10月公表 クレーン・デリック運転士（限定なし）試験 問35,learn_fields,LOW,terminology_or_boilerplate,True,False,False,0.0,0.0,0.2061,0.2061,0.4784,0.4784,0.0457,0.0457,8,0.0242,0.0,0.189,0,0.0,False,none,,,0.0,0.0,0.0
learn_example,crane_all,lubrication-daily-check,lubrication-daily-check,src/lib/data/learn/crane-all-topics.ts,132,in_use,クレーン及びデリックに関する知識,給油・給脂と日常点検,multiple_choice,crane_all,02abc069-ac29-49b4-9ded-2fa6de7a2963,supabase/migrations/20260901120100_crane_all_past_exam_questions.sql,1042,公益財団法人安全衛生技術試験協会 令和8年4月公表 クレーン・デリック運転士（限定なし）試験 問6,learn_fields,LOW,terminology_or_boilerplate,True,False,False,0.1304,0.1299,0.125,0.1246,0.3607,0.3602,0.1909,0.189,69,0.1712,0.0,0.2074,0,0.0,False,none,,,0.0,0.0,0.0
learn_example,crane_all,motor-types,motor-types,src/lib/data/learn/crane-all-topics.ts,306,in_use,原動機及び電気に関する知識,電動機(モータ)の種類と特性,multiple_choice,crane_all,612fc800-0308-4450-92b8-845fc8161ea9,supabase/migrations/20260901120100_crane_all_past_exam_questions.sql,547,公益財団法人安全衛生技術試験協会 令和7年10月公表 クレーン・デリック運転士（限定なし）試験 問23,learn_fields,LOW,shared_topic_vocabulary,True,False,False,0.0026,0.0026,0.1549,0.1581,0.5402,0.543,0.0359,0.0356,8,0.019,0.0,0.1736,0,0.0,False,full,2|5,,0.0333,0.0,0.0385
learn_example,crane_all,operator-license,operator-license,src/lib/data/learn/crane-all-topics.ts,240,in_use,関係法令,運転士免許・就業制限,multiple_choice,crane_all,e4aecf6c-56b1-47db-b5c2-b1773a5046f5,supabase/migrations/20260901120100_crane_all_past_exam_questions.sql,287,公益財団法人安全衛生技術試験協会 令和7年10月公表 クレーン・デリック運転士（限定なし）試験 問11,learn_fields,LOW,shared_topic_vocabulary,True,False,False,0.2239,0.2271,0.2144,0.2175,0.5682,0.5666,0.2371,0.2457,103,0.2274,0.0,0.3333,0,0.0,False,subset,1|5,,0.0097,0.0,0.0
learn_example,crane_all,periodic-self-inspection,periodic-self-inspection,src/lib/data/learn/crane-all-topics.ts,253,in_use,関係法令,定期自主検査,multiple_choice,crane_all,90de5135-3fce-48ce-879b-b321d31e16c6,supabase/migrations/20260901120100_crane_all_past_exam_questions.sql,1349,公益財団法人安全衛生技術試験協会 令和8年4月公表 クレーン・デリック運転士（限定なし）試験 問20,learn_fields,LOW,shared_topic_vocabulary,True,False,False,0.0154,0.0152,0.1959,0.2051,0.5168,0.5285,0.075,0.0728,15,0.0397,0.0,0.2036,0,0.0,False,full,1|3,,0.0909,0.0,0.0
multiple_choice,diver,0cc0511c-425b-4617-99c1-070276f5557b,,supabase/migrations/20260904093530_diver_original_questions.sql,976,in_use,関係法令,高気圧業務健康診断に関する記述として、正しいものはどれか。,multiple_choice,pressure_chamber,eeb35d8e-ea2f-4a99-86b1-68a249063a54,supabase/migrations/20260904120000_pressure_chamber_2025_10_questions.sql,867,公益財団法人安全衛生技術試験協会 令和7年10月公表 高圧室内作業主任者試験 問39,stem+choices,LOW,short_topic_header,False,False,False,0.36,0.36,0.135,0.1511,0.5339,0.53,0.65,0.65,13,0.5909,0.0,0.4667,0,0.0,False,subset,1|3|6,,0.0,0.0,0.0
multiple_choice,diver,424484ed-493b-4555-bc39-5c8d646582d8,,supabase/migrations/20260904093530_diver_original_questions.sql,787,in_use,高気圧障害,成人の潜水者を水上へ救出した後の一次救命処置として、最も適切なものはど…,multiple_choice,diver,c95f1673-ed20-49ba-ba0f-8c25aa3f2aa9,supabase/migrations/20260903120100_diver_2026_04_questions.sql,678,公益財団法人安全衛生技術試験協会 令和8年4月公表 潜水士試験 問30,stem+choices,LOW,terminology_or_boilerplate,True,False,False,0.1111,0.1111,0.1261,0.1362,0.3219,0.3336,0.4091,0.4091,9,0.3333,0.0,0.2143,0,0.0,False,partial,1,,0.0,0.0,0.0
multiple_choice,diver,6c7e7171-6498-4f39-b6b0-bf3410c0c6ac,,supabase/migrations/20260904093530_diver_original_questions.sql,841,in_use,関係法令,高気圧作業安全衛生規則に基づく特別の教育に関する記述として、正しいもの…,multiple_choice,diver,ff875c0c-1d05-4323-b8c0-790944645193,supabase/migrations/20260903120000_diver_2025_10_questions.sql,723,公益財団法人安全衛生技術試験協会 令和7年10月公表 潜水士試験 問32,stem+choices,LOW,terminology_or_boilerplate,True,False,False,0.1163,0.1163,0.1345,0.137,0.477,0.4765,0.3846,0.3846,10,0.3448,0.0,0.25,0,0.0,True,none,,,0.0,0.0,0.0
multiple_choice,diver,7864ad3e-048a-402e-ab04-1bf54d3dbf0e,,supabase/migrations/20260904093530_diver_original_questions.sql,922,in_use,関係法令,送気式潜水業務に配置する連絡員に関する記述として、正しいものはどれか。,multiple_choice,diver,ec6060ad-5543-472c-9a12-e4bff9615421,supabase/migrations/20260903120000_diver_2025_10_questions.sql,786,公益財団法人安全衛生技術試験協会 令和7年10月公表 潜水士試験 問35,stem+choices,LOW,short_topic_header,True,False,False,0.2326,0.2326,0.1204,0.1269,0.5885,0.5846,0.5614,0.5614,16,0.4848,0.0,0.3333,0,0.0,False,subset,1|2,,0.0,0.0,0.0
multiple_choice,diver,abcc20a4-4132-4f8a-adec-17c7005173c7,,supabase/migrations/20260904093530_diver_original_questions.sql,4,in_use,潜水業務,水面上の大気圧を0.10 MPa、水深10 m増すごとに水圧が0.10…,multiple_choice,diver,622a4f6b-3ed2-4e87-bff1-91afb5e469b5,supabase/migrations/20260903120000_diver_2025_10_questions.sql,69,公益財団法人安全衛生技術試験協会 令和7年10月公表 潜水士試験 問1,stem+choices,LOW,terminology_or_boilerplate,True,False,False,0.0261,0.0364,0.1176,0.0833,0.3806,0.5179,0.2727,0.2857,18,0.1895,0.0,0.0588,0,0.0,False,partial,0.20|0.40,0.20|0.40,0.0,0.0,0.0
learn_example,diver,diver-air-tank-standards,diver-air-tank-standards,src/lib/data/learn/diver-topics.ts,409,in_use,関係法令,空気槽の設置基準,multiple_choice,diver,643342af-708e-4ce8-b921-58c5c635d3ca,supabase/migrations/20260903120100_diver_2026_04_questions.sql,699,公益財団法人安全衛生技術試験協会 令和8年4月公表 潜水士試験 問31,learn_fields,LOW,terminology_or_boilerplate,True,False,False,0.1243,0.1178,0.1169,0.1151,0.4012,0.3605,0.2583,0.2431,62,0.206,0.0,0.2,0,0.0,False,partial,40|60|65|0.4|0.03,65,0.0122,0.1151,0.0
learn_example,diver,diver-barotrauma,diver-barotrauma,src/lib/data/learn/diver-topics.ts,341,in_use,高気圧障害,圧外傷(スクィーズ・ブロック),multiple_choice,diver,7015f1ca-f1f9-42f8-9f91-26d69b7d65de,supabase/migrations/20260903120100_diver_2026_04_questions.sql,573,公益財団法人安全衛生技術試験協会 令和8年4月公表 潜水士試験 問25,learn_fields,LOW,terminology_or_boilerplate,True,False,False,0.0038,0.0038,0.1287,0.1281,0.4061,0.4065,0.0488,0.0488,7,0.0257,0.0,0.1298,0,0.0,False,none,,,0.0476,0.0,0.0474
learn_example,diver,diver-bls,diver-bls,src/lib/data/learn/diver-topics.ts,398,in_use,高気圧障害,一次救命処置,multiple_choice,diver,c95f1673-ed20-49ba-ba0f-8c25aa3f2aa9,supabase/migrations/20260903120100_diver_2026_04_questions.sql,678,公益財団法人安全衛生技術試験協会 令和8年4月公表 潜水士試験 問30,learn_fields,LOW,terminology_or_boilerplate,True,False,False,0.0,0.0,0.1671,0.1633,0.4779,0.4747,0.0219,0.0219,3,0.0117,0.0,0.2143,0,0.0,False,partial,5|100|120,,0.2667,0.0,0.0
learn_example,diver,diver-buhlmann-mvalue,diver-buhlmann-mvalue,src/lib/data/learn/diver-topics.ts,238,in_use,送気、潜降及び浮上,減圧理論(ビュールマンモデル・M値),multiple_choice,pressure_chamber,699f7f89-70c4-4c49-9b2b-8d455e3eb08a,supabase/migrations/20260904120100_pressure_chamber_2026_04_questions.sql,476,公益財団法人安全衛生技術試験協会 令和8年4月公表 高圧室内作業主任者試験 問20,learn_fields,LOW,shared_topic_vocabulary,False,False,False,0.0559,0.059,0.1311,0.133,0.5684,0.5694,0.1521,0.1569,27,0.0839,0.0,0.5,0,0.0,False,subset,16,,0.1053,0.1163,0.0198
learn_example,diver,diver-circulation,diver-circulation,src/lib/data/learn/diver-topics.ts,307,in_use,高気圧障害,循環器系(心臓・血液循環),multiple_choice,diver,55356525-5892-402e-9877-360be5ee937a,supabase/migrations/20260903120000_diver_2025_10_questions.sql,513,公益財団法人安全衛生技術試験協会 令和7年10月公表 潜水士試験 問22,learn_fields,LOW,terminology_or_boilerplate,True,False,False,0.0036,0.0036,0.1435,0.1435,0.4143,0.4143,0.0581,0.0581,9,0.031,0.0,0.1547,0,0.0,False,none,,,0.0833,0.0,0.017
learn_example,diver,diver-co2-o2-toxicity,diver-co2-o2-toxicity,src/lib/data/learn/diver-topics.ts,365,in_use,高気圧障害,二酸化炭素中毒・酸素中毒,multiple_choice,diver,f954b887-c3ac-47ff-a984-ee81e2a32e9d,supabase/migrations/20260903120000_diver_2025_10_questions.sql,618,公益財団法人安全衛生技術試験協会 令和7年10月公表 潜水士試験 問27,learn_fields,LOW,shared_topic_vocabulary,True,False,False,0.0216,0.0219,0.1431,0.1369,0.5581,0.5512,0.0798,0.0798,15,0.0426,0.0,0.2381,0,0.0,False,subset,50|140|160,140,0.2609,0.0,0.0
learn_example,diver,diver-dcs,diver-dcs,src/lib/data/learn/diver-topics.ts,376,in_use,高気圧障害,減圧症,multiple_choice,diver,914575a7-9197-4abf-a406-629ac26a3209,supabase/migrations/20260903120000_diver_2025_10_questions.sql,639,公益財団法人安全衛生技術試験協会 令和7年10月公表 潜水士試験 問28,learn_fields,LOW,terminology_or_boilerplate,True,False,False,0.0079,0.0079,0.127,0.1293,0.3869,0.3815,0.0446,0.0444,6,0.0235,0.0,0.1377,0,0.0,False,full,24,,0.0833,0.0,0.0
learn_example,diver,diver-ear-sinus,diver-ear-sinus,src/lib/data/learn/diver-topics.ts,353,in_use,高気圧障害,耳・副鼻腔の障害,multiple_choice,diver,09e52987-e0a7-42fe-9a35-d87433ed5a65,supabase/migrations/20260903120000_diver_2025_10_questions.sql,597,公益財団法人安全衛生技術試験協会 令和7年10月公表 潜水士試験 問26,learn_fields,LOW,shared_topic_vocabulary,True,False,False,0.0085,0.0085,0.1605,0.1605,0.4873,0.4873,0.0679,0.0679,9,0.0373,0.0,0.1718,0,0.0,False,none,,,0.08,0.0,0.011
learn_example,diver,diver-entrapment-drowning,diver-entrapment-drowning,src/lib/data/learn/diver-topics.ts,158,in_use,潜水業務,水中拘束と溺れの予防,multiple_choice,diver,b9a9bc96-0947-4348-9fec-e5f5c1dd79c8,supabase/migrations/20260903120000_diver_2025_10_questions.sql,239,公益財団法人安全衛生技術試験協会 令和7年10月公表 潜水士試験 問9,learn_fields,LOW,terminology_or_boilerplate,True,False,False,0.0068,0.0068,0.1608,0.1608,0.3733,0.3733,0.0375,0.0375,6,0.0199,0.0,0.189,0,0.0,False,none,,,0.087,0.0,0.0
learn_example,diver,diver-equipment,diver-equipment,src/lib/data/learn/diver-topics.ts,284,in_use,送気、潜降及び浮上,潜水業務の装備・器具,multiple_choice,diver,2ebf9ec9-44cd-4447-8703-155a55c3805e,supabase/migrations/20260903120000_diver_2025_10_questions.sql,471,公益財団法人安全衛生技術試験協会 令和7年10月公表 潜水士試験 問20,learn_fields,LOW,terminology_or_boilerplate,True,False,False,0.0033,0.0033,0.1865,0.1879,0.4636,0.4612,0.0564,0.0559,9,0.0307,0.0,0.2168,0,0.0,False,subset,1|2,,0.069,0.0,0.0
learn_example,diver,diver-fullface-gear,diver-fullface-gear,src/lib/data/learn/diver-topics.ts,273,in_use,送気、潜降及び浮上,全面マスク式潜水の装備,multiple_choice,diver,d32d7a5f-967a-4866-aa97-f390096295b3,supabase/migrations/20260903120000_diver_2025_10_questions.sql,450,公益財団法人安全衛生技術試験協会 令和7年10月公表 潜水士試験 問19,learn_fields,LOW,shared_topic_vocabulary,True,False,False,0.0128,0.0128,0.1366,0.1366,0.4541,0.4541,0.0635,0.0635,8,0.0336,0.0,0.7273,0,0.0,False,none,,,0.75,0.0,0.0
learn_example,diver,diver-gas-partial-pressure,diver-gas-partial-pressure,src/lib/data/learn/diver-topics.ts,507,in_use,関係法令,吸入ガス分圧の制限,multiple_choice,pressure_chamber,f259a2e3-32a1-4a95-bdd9-02942d73cc59,supabase/migrations/20260904120000_pressure_chamber_2025_10_questions.sql,804,公益財団法人安全衛生技術試験協会 令和7年10月公表 高圧室内作業主任者試験 問36,learn_fields,LOW,shared_topic_vocabulary,False,False,False,0.0,0.0,0.1243,0.1039,0.5407,0.5818,0.0232,0.0229,4,0.0127,0.0,0.1187,0,0.0,False,partial,18|160|220|400,220,0.0606,0.152,0.0
learn_example,diver,diver-health-exam,diver-health-exam,src/lib/data/learn/diver-topics.ts,474,in_use,関係法令,高気圧業務健康診断,multiple_choice,diver,914f1735-a033-4a4a-9fd6-1e5c8d4d9a0a,supabase/migrations/20260903120100_diver_2026_04_questions.sql,827,公益財団法人安全衛生技術試験協会 令和8年4月公表 潜水士試験 問37,learn_fields,LOW,terminology_or_boilerplate,True,False,False,0.06,0.0594,0.1419,0.1474,0.397,0.4008,0.1441,0.1404,24,0.0819,0.0,0.4865,0,0.0,False,full,1|3|5|6|10,,0.1842,0.0,0.0
learn_example,diver,diver-helmet-ascent,diver-helmet-ascent,src/lib/data/learn/diver-topics.ts,227,in_use,送気、潜降及び浮上,ヘルメット式潜水の浮上方法,multiple_choice,diver,9db75fac-6ae9-4226-b7b3-46913ffa8eb2,supabase/migrations/20260903120000_diver_2025_10_questions.sql,366,公益財団法人安全衛生技術試験協会 令和7年10月公表 潜水士試験 問15,learn_fields,LOW,terminology_or_boilerplate,True,False,False,0.0243,0.0242,0.1417,0.1436,0.3811,0.3792,0.1397,0.1382,19,0.0809,0.0,0.1765,0,0.0,False,subset,3|10,,0.15,0.0,0.0
learn_example,diver,diver-helmet-parts,diver-helmet-parts,src/lib/data/learn/diver-topics.ts,250,in_use,送気、潜降及び浮上,ヘルメット式潜水器の構造,multiple_choice,diver,bdd01db6-bba1-4903-b3fa-783522842038,supabase/migrations/20260903120000_diver_2025_10_questions.sql,408,公益財団法人安全衛生技術試験協会 令和7年10月公表 潜水士試験 問17,learn_fields,LOW,terminology_or_boilerplate,True,False,False,0.0187,0.0187,0.1342,0.1342,0.3857,0.3857,0.1083,0.1083,19,0.0638,0.0,0.1875,0,0.0,False,none,,,0.16,0.0,0.0855
learn_example,diver,diver-license,diver-license,src/lib/data/learn/diver-topics.ts,496,in_use,関係法令,潜水士免許制度,multiple_choice,diver,8bbff369-ad81-4268-927d-3cd41bd2ac4c,supabase/migrations/20260903120100_diver_2026_04_questions.sql,873,公益財団法人安全衛生技術試験協会 令和8年4月公表 潜水士試験 問39,learn_fields,LOW,shared_topic_vocabulary,True,False,False,0.3172,0.3247,0.3018,0.3089,0.6774,0.6819,0.4652,0.485,107,0.4367,0.0,0.4973,0,0.0,False,partial,20,,0.0167,0.0,0.0
learn_example,diver,diver-mandatory-gear,diver-mandatory-gear,src/lib/data/learn/diver-topics.ts,463,in_use,関係法令,携行・着用義務のある器具,multiple_choice,diver,da75c341-4af0-44a7-ad27-64d7c614bbdf,supabase/migrations/20260903120000_diver_2025_10_questions.sql,807,公益財団法人安全衛生技術試験協会 令和7年10月公表 潜水士試験 問36,learn_fields,LOW,terminology_or_boilerplate,True,False,False,0.0235,0.0233,0.1246,0.1237,0.4066,0.4063,0.0709,0.0703,9,0.0427,0.0,0.1202,0,0.0,False,none,,,0.0,0.0,0.0
learn_example,diver,diver-nervous-system,diver-nervous-system,src/lib/data/learn/diver-topics.ts,319,in_use,高気圧障害,神経系の構造,multiple_choice,diver,6d639189-9b4b-4bdc-9f2b-121b22329fe4,supabase/migrations/20260903120000_diver_2025_10_questions.sql,534,公益財団法人安全衛生技術試験協会 令和7年10月公表 潜水士試験 問23,learn_fields,LOW,terminology_or_boilerplate,True,False,False,0.0041,0.0041,0.1205,0.1205,0.3612,0.3612,0.0382,0.0382,5,0.0202,0.0,0.1345,0,0.0,False,none,,,0.0667,0.0,0.0
learn_example,diver,diver-scuba-descent,diver-scuba-descent,src/lib/data/learn/diver-topics.ts,216,in_use,送気、潜降及び浮上,スクーバ式潜水の潜降方法,multiple_choice,diver,3dee9042-66c6-48b8-b754-9771b9156e5c,supabase/migrations/20260903120000_diver_2025_10_questions.sql,345,公益財団法人安全衛生技術試験協会 令和7年10月公表 潜水士試験 問14,learn_fields,LOW,terminology_or_boilerplate,True,False,False,0.0,0.0,0.1368,0.1371,0.3909,0.3931,0.0399,0.0399,6,0.022,0.0,0.1493,0,0.0,False,none,,,0.129,0.0,0.0
learn_example,diver,diver-scuba-gear,diver-scuba-gear,src/lib/data/learn/diver-topics.ts,262,in_use,送気、潜降及び浮上,スクーバ式潜水の装備(ボンベ・圧力調整器),multiple_choice,diver,04751156-7a32-42d1-bc4e-107b3a183513,supabase/migrations/20260903120000_diver_2025_10_questions.sql,429,公益財団法人安全衛生技術試験協会 令和7年10月公表 潜水士試験 問18,learn_fields,LOW,shared_topic_vocabulary,True,False,False,0.0,0.0,0.1957,0.1952,0.5482,0.5454,0.035,0.0351,5,0.0188,0.0,0.3529,0,0.0,False,subset,19.6,19.6,0.2692,0.0295,0.0
learn_example,diver,diver-tender,diver-tender,src/lib/data/learn/diver-topics.ts,452,in_use,関係法令,連絡員の役割,multiple_choice,diver,ec6060ad-5543-472c-9a12-e4bff9615421,supabase/migrations/20260903120000_diver_2025_10_questions.sql,786,公益財団法人安全衛生技術試験協会 令和7年10月公表 潜水士試験 問35,learn_fields,LOW,terminology_or_boilerplate,True,False,False,0.0208,0.0206,0.1948,0.1986,0.4523,0.4535,0.1375,0.1358,22,0.0767,0.0,0.2327,0,0.0,False,full,1|2,,0.0294,0.0,0.0
multiple_choice,hygiene,27b9983d-39ad-4bd0-a3a2-b781259dd26f,,supabase/migrations/20260904081327_hygiene_original_questions.sql,27,in_use,関係法令(有害業務に係るもの以外のもの),常時使用する労働者数と衛生管理者の選任について、法令上正しいものはどれ…,multiple_choice,hygiene,52135ad2-f09d-4a4b-a2dc-031c4859d4a6,supabase/migrations/0004_past_exam_questions.sql,1799,公益財団法人安全衛生技術試験協会 令和8年4月公表 第二種衛生管理者試験 問1,stem+choices,LOW,short_topic_header,True,False,False,0.0727,0.0727,0.1612,0.1447,0.5673,0.616,0.3385,0.3385,11,0.2619,0.0,0.2,0,0.0,True,partial,50|100|300,,0.0,0.0,0.0
multiple_choice,hygiene,5e25a8b0-fb5f-4598-b387-05740efc2355,,supabase/migrations/20260904083023_hygiene_type1_exclusive_questions.sql,199,in_use,労働衛生(有害業務に係るもの以外のもの),事務室にいる労働者1人当たりの二酸化炭素発生量を毎時0.018m3、室…,multiple_choice,hygiene,379fbb75-d883-4708-9f08-8704a7a1a6e6,supabase/migrations/0004_past_exam_questions.sql,711,公益財団法人安全衛生技術試験協会 令和8年4月公表 第一種衛生管理者試験 問33,stem+choices,LOW,terminology_or_boilerplate,True,False,False,0.1366,0.1586,0.1224,0.1558,0.3412,0.4168,0.3,0.37,33,0.2661,0.0,0.1928,0,0.0,False,partial,1|3|18|0.018,0.018,0.0,0.0,0.0
multiple_choice,hygiene,a6c26069-5acb-4c53-bb2f-ff1f8a5d8b23,,supabase/migrations/20260904081327_hygiene_original_questions.sql,1138,in_use,労働生理,神経系について、正しいものはどれか。,multiple_choice,hygiene,bf861a77-76db-4c50-893e-0d6cbad25924,supabase/migrations/0004_past_exam_questions.sql,788,公益財団法人安全衛生技術試験協会 令和8年4月公表 第一種衛生管理者試験 問37,stem+choices,LOW,short_topic_header,True,False,False,0.25,0.25,0.1414,0.1414,0.3448,0.3448,0.5714,0.5714,4,0.5714,0.0,0.25,0,0.0,True,none,,,0.0,0.0,0.0
multiple_choice,hygiene,abe36b46-fe95-4b50-9c7e-ae741d84eb1a,,supabase/migrations/20260904081327_hygiene_original_questions.sql,135,in_use,関係法令(有害業務に係るもの以外のもの),入社日から6か月間継続勤務し、全労働日の8割以上出勤した通常の労働者に…,multiple_choice,hygiene,a3b53f66-c155-479f-a0e9-c77dab0729a1,supabase/migrations/0004_past_exam_questions.sql,1455,公益財団法人安全衛生技術試験協会 令和7年10月公表 第一種衛生管理者試験 問27,stem+choices,LOW,terminology_or_boilerplate,True,False,False,0.1486,0.1656,0.1609,0.1835,0.4337,0.6648,0.2951,0.31,27,0.2109,0.0,0.3077,0,0.0,False,partial,6|8|10|12,,0.0,0.0,0.0
multiple_choice,hygiene,c854107e-b713-48e1-8d2a-a05b9493508f,,supabase/migrations/20260904083023_hygiene_type1_exclusive_questions.sql,10,in_use,関係法令(有害業務に係るもの以外のもの),専任の衛生管理者を選任しなければならないものとして、法令上正しいものは…,multiple_choice,hygiene,52135ad2-f09d-4a4b-a2dc-031c4859d4a6,supabase/migrations/0004_past_exam_questions.sql,1799,公益財団法人安全衛生技術試験協会 令和8年4月公表 第二種衛生管理者試験 問1,stem+choices,LOW,short_topic_header,True,False,False,0.1296,0.1296,0.2168,0.1972,0.5803,0.6175,0.3881,0.3881,13,0.3095,0.0,0.8636,0,0.0,True,subset,1|50|000|100|300,,0.0,0.0,0.0
multiple_choice,hygiene,d518d98f-ecee-4ddd-8cbc-751619195131,,supabase/migrations/20260904083023_hygiene_type1_exclusive_questions.sql,37,in_use,関係法令(有害業務に係るもの以外のもの),専属の産業医を選任しなければならない事業場として、正しいものはどれか。,multiple_choice,hygiene,52135ad2-f09d-4a4b-a2dc-031c4859d4a6,supabase/migrations/0004_past_exam_questions.sql,1799,公益財団法人安全衛生技術試験協会 令和8年4月公表 第二種衛生管理者試験 問1,stem+choices,LOW,short_topic_header,True,False,False,0.0345,0.0345,0.2009,0.1818,0.53,0.5834,0.2727,0.2727,9,0.2143,0.0,0.7143,0,0.0,True,partial,1|50|000|300,,0.0,0.0,0.0
multiple_choice,hygiene,generated:0009_original_questions_batch1.sql:6,,supabase/migrations/0009_original_questions_batch1.sql,80,unused,関係法令(有害業務に係るものを除く),健康診断の結果、異常の所見があると診断された労働者について、事業者が行…,multiple_choice,pressure_chamber,eeb35d8e-ea2f-4a99-86b1-68a249063a54,supabase/migrations/20260904120000_pressure_chamber_2025_10_questions.sql,867,公益財団法人安全衛生技術試験協会 令和7年10月公表 高圧室内作業主任者試験 問39,stem+choices,LOW,terminology_or_boilerplate,False,False,False,0.0678,0.0678,0.1758,0.1805,0.4391,0.4475,0.3478,0.3478,12,0.2553,0.0,0.5909,0,0.0,False,subset,1|3,,0.0,0.0,0.0
learn_example,hygiene,health-checkup-records,health-checkup-records,src/lib/data/learn-content.ts,549,in_use,関係法令(有害業務に係るもの以外のもの),健康診断の種類と記録の保存期間,multiple_choice,pressure_chamber,eeb35d8e-ea2f-4a99-86b1-68a249063a54,supabase/migrations/20260904120000_pressure_chamber_2025_10_questions.sql,867,公益財団法人安全衛生技術試験協会 令和7年10月公表 高圧室内作業主任者試験 問39,learn_fields,LOW,terminology_or_boilerplate,False,False,False,0.0105,0.0107,0.0801,0.0864,0.4529,0.4521,0.0615,0.0593,14,0.0323,0.0,0.1111,0,0.0,False,subset,1|3|5|6,,0.069,0.0,0.0
learn_example,hygiene,hygiene-manager-appointment,hygiene-manager-appointment,src/lib/data/learn-content.ts,478,in_use,関係法令(有害業務に係るもの以外のもの),衛生管理者の選任基準,multiple_choice,hygiene,3a63b701-2a3c-4771-855b-36b750b4883e,supabase/migrations/0004_past_exam_questions.sql,2379,公益財団法人安全衛生技術試験協会 令和7年10月公表 第二種衛生管理者試験 問1,learn_fields,LOW,shared_topic_vocabulary,True,False,False,0.0148,0.0152,0.1165,0.1092,0.5006,0.553,0.0371,0.0366,9,0.0203,0.0,0.1211,0,0.0,False,partial,1|30|50|000|500,,0.0952,0.0,0.0
learn_example,hygiene,industrial-physician-appointment,industrial-physician-appointment,src/lib/data/learn-content.ts,516,in_use,関係法令(有害業務に係るもの以外のもの),産業医・総括安全衛生管理者の選任基準,multiple_choice,hygiene,3a63b701-2a3c-4771-855b-36b750b4883e,supabase/migrations/0004_past_exam_questions.sql,2379,公益財団法人安全衛生技術試験協会 令和7年10月公表 第二種衛生管理者試験 問1,learn_fields,LOW,shared_topic_vocabulary,True,False,False,0.0175,0.0179,0.1134,0.1031,0.5213,0.5538,0.083,0.0828,21,0.0453,0.0,0.1207,0,0.0,False,partial,1|2|50|000|500,,0.1042,0.0,0.0
learn_example,hygiene,lifting-posture,lifting-posture,src/lib/data/learn-content.ts,450,in_use,労働衛生(有害業務を含む),腰痛予防対策,multiple_choice,hygiene,266aa559-362c-4085-aa5c-555c7363c6c7,supabase/migrations/0004_past_exam_questions.sql,692,公益財団法人安全衛生技術試験協会 令和8年4月公表 第一種衛生管理者試験 問32,learn_fields,LOW,terminology_or_boilerplate,True,False,False,0.0395,0.0395,0.1343,0.1371,0.4799,0.4778,0.1074,0.1065,32,0.0582,0.0,0.4722,0,0.0,False,subset,6|18|40,,0.1111,0.0,0.0124
learn_example,hygiene,nervous-system,nervous-system,src/lib/data/learn-content.ts,198,in_use,労働生理,神経系の基本構造,multiple_choice,hygiene,59b64bfe-e756-497f-8464-bc27fdb5c0d7,supabase/migrations/0004_past_exam_questions.sql,1723,公益財団法人安全衛生技術試験協会 令和7年10月公表 第一種衛生管理者試験 問41,learn_fields,LOW,shared_topic_vocabulary,True,False,False,0.0045,0.0045,0.1532,0.1524,0.5263,0.5254,0.0281,0.0281,7,0.0143,0.0,0.25,0,0.0,False,none,,,0.1,0.0,0.0383
learn_example,hygiene,paid-leave,paid-leave,src/lib/data/learn-content.ts,611,in_use,関係法令(有害業務に係るもの以外のもの),年次有給休暇の付与日数,multiple_choice,hygiene,71dfffae-d042-430a-ab93-b29221a598ba,supabase/migrations/0004_past_exam_questions.sql,574,公益財団法人安全衛生技術試験協会 令和8年4月公表 第一種衛生管理者試験 問26,learn_fields,LOW,terminology_or_boilerplate,True,False,False,0.0962,0.1269,0.0917,0.1238,0.4246,0.5259,0.12,0.1262,30,0.0806,0.0,0.2397,0,0.0,False,partial,1|2|3|5|6|8|20,,0.0328,0.0,0.0
learn_example,hygiene,thermoregulation,thermoregulation,src/lib/data/learn-content.ts,268,in_use,労働生理,体温調節のしくみ,multiple_choice,hygiene,1ab9155c-f653-4900-bfcc-8fd5d1cde2ee,supabase/migrations/0004_past_exam_questions.sql,883,公益財団法人安全衛生技術試験協会 令和8年4月公表 第一種衛生管理者試験 問42,learn_fields,LOW,terminology_or_boilerplate,True,False,False,0.0039,0.0039,0.1349,0.1383,0.4032,0.4069,0.0241,0.024,7,0.0122,0.0,0.2,0,0.0,False,full,1|70|100,,0.2,0.0,0.0095
learn_example,hygiene,wbgt,wbgt,src/lib/data/learn-content.ts,436,in_use,労働衛生(有害業務を含む),温熱環境とWBGT,multiple_choice,hygiene,2f7a8096-e81f-4c3a-9019-67dfdf047a31,supabase/migrations/0004_past_exam_questions.sql,616,公益財団法人安全衛生技術試験協会 令和8年4月公表 第一種衛生管理者試験 問28,learn_fields,LOW,shared_topic_vocabulary,True,False,False,0.0,0.0,0.1954,0.1948,0.602,0.6006,0.0176,0.0176,5,0.0089,0.0,0.2023,0,0.0,False,none,,,0.0,0.0,0.0175
learn_example,hygiene,working-hours-rest,working-hours-rest,src/lib/data/learn-content.ts,575,in_use,関係法令(有害業務に係るもの以外のもの),労働時間・休憩・休日の基本ルール,multiple_choice,hygiene,b7e4ebc5-b28e-4402-ba60-f02af38fa848,supabase/migrations/0004_past_exam_questions.sql,1436,公益財団法人安全衛生技術試験協会 令和7年10月公表 第一種衛生管理者試験 問26,learn_fields,LOW,terminology_or_boilerplate,True,False,False,0.0155,0.0164,0.1257,0.1481,0.4717,0.5167,0.0553,0.0523,13,0.0288,0.0,0.2,0,0.0,False,partial,1|6|8|60,,0.08,0.0,0.0
multiple_choice,mobile_crane,1bb6a93e-6736-4048-8ab0-31958054d561,,supabase/migrations/20260904092212_mobile_crane_original_questions.sql,4,in_use,移動式クレーンに関する知識,移動式クレーンの種類と型式に関する記述として、適切なものはどれか。,multiple_choice,mobile_crane,1d6c3e86-335c-48ef-932c-d6c934fe48b5,supabase/migrations/20260902133100_mobile_crane_2025_10_questions.sql,24,公益財団法人安全衛生技術試験協会 令和7年10月公表 移動式クレーン運転士試験 問2,stem+choices,LOW,short_topic_header,True,False,False,0.4516,0.4516,0.1299,0.1293,0.3297,0.3291,0.8163,0.8163,20,0.7143,0.0,0.6667,0,0.0,False,none,,,0.0,0.0,0.0
multiple_choice,mobile_crane,45f7977f-2c97-4b07-bea5-ebd3b89f6c2a,,supabase/migrations/20260904092212_mobile_crane_original_questions.sql,603,in_use,関係法令,運転及び玉掛け資格に関する記述として、適切なものはどれか。,multiple_choice,crane_all,957e7fc0-6300-4e88-b580-0db230b757fc,supabase/migrations/20260901120100_crane_all_past_exam_questions.sql,1328,公益財団法人安全衛生技術試験協会 令和8年4月公表 クレーン・デリック運転士（限定なし）試験 問19,stem+choices,LOW,short_topic_header,False,False,False,0.3529,0.3529,0.1298,0.1423,0.2332,0.318,0.64,0.64,16,0.5,0.0,0.6667,0,0.0,True,partial,4|6,,0.0,0.0,0.0
multiple_choice,mobile_crane,5e57b6ad-8711-4672-a364-80573c3ef59f,,supabase/migrations/20260904092212_mobile_crane_original_questions.sql,1062,in_use,移動式クレーンの運転のために必要な力学に関する知識,動滑車を支えるロープ部分が4本ある理想的な滑車装置で、12kNの荷をつ…,multiple_choice,crane_all,aabc38c2-5ed8-4aee-a813-923b24372eac,supabase/migrations/20260901120100_crane_all_past_exam_questions.sql,1602,公益財団法人安全衛生技術試験協会 令和8年4月公表 クレーン・デリック運転士（限定なし）試験 問32,stem+choices,LOW,terminology_or_boilerplate,False,False,False,0.0226,0.0296,0.0823,0.0634,0.4287,0.664,0.1549,0.1733,11,0.1183,0.0,0.0435,0,0.0,False,partial,2|4|6|12,,0.0,0.0,0.0
multiple_choice,mobile_crane,7500a9be-dfd0-4566-8b51-f79152099655,,supabase/migrations/20260904092212_mobile_crane_original_questions.sql,31,in_use,移動式クレーンに関する知識,移動式クレーンに関する用語の説明として、適切なものはどれか。,multiple_choice,crane_all,6544cbe0-ecb4-4839-8e9b-5ac6de8dfe27,supabase/migrations/20260901120100_crane_all_past_exam_questions.sql,69,公益財団法人安全衛生技術試験協会 令和7年10月公表 クレーン・デリック運転士（限定なし）試験 問1,stem+choices,LOW,short_topic_header,False,False,False,0.3462,0.3462,0.156,0.156,0.4007,0.4007,0.6667,0.6667,13,0.619,0.0,0.4667,0,0.0,False,none,,,0.0,0.0,0.0
multiple_choice,mobile_crane,9b1b2a94-6a07-4d54-8cef-fba99f0e2945,,supabase/migrations/20260904092212_mobile_crane_original_questions.sql,166,in_use,移動式クレーンに関する知識,ワイヤロープのより方及び点検に関する記述として、適切なものはどれか。,multiple_choice,cargo_gear,08294c85-e1cb-4248-a2c1-824e5b4b3242,supabase/migrations/20260904130100_cargo_gear_2026_04_questions.sql,111,公益財団法人安全衛生技術試験協会 令和8年4月公表 揚貨装置運転士試験 問3,stem+choices,LOW,short_topic_header,False,False,False,0.3333,0.3333,0.1273,0.1262,0.496,0.4962,0.6364,0.6364,14,0.6364,0.0,0.6316,0,0.0,False,none,,,0.0,0.0,0.0
multiple_choice,mobile_crane,bf1bd7e3-82a4-4d72-bbbe-8d9215e552b3,,supabase/migrations/20260904092212_mobile_crane_original_questions.sql,1035,in_use,移動式クレーンの運転のために必要な力学に関する知識,"質量2,000kgの荷を左右対称の2本のロープでつる。ロープ間角度60…",multiple_choice,crane_all,fa56ef51-2c32-435e-9645-08b4386c49d6,supabase/migrations/20260901120100_crane_all_past_exam_questions.sql,871,公益財団法人安全衛生技術試験協会 令和7年10月公表 クレーン・デリック運転士（限定なし）試験 問38,stem+choices,LOW,statutory_or_formula_numbers,False,False,False,0.1553,0.2078,0.1436,0.2222,0.2296,0.3537,0.4513,0.5094,44,0.3385,0.0,0.2742,0,0.0,False,partial,1|2|9.8,,0.0,0.0,0.0
multiple_choice,mobile_crane,f5c03d95-5e27-45cd-be71-d81aa63555f5,,supabase/migrations/20260904092212_mobile_crane_original_questions.sql,193,in_use,移動式クレーンに関する知識,移動式クレーンの安全装置に関する記述として、適切なものはどれか。,multiple_choice,mobile_crane,6cb3a30e-bf27-48e9-a028-62d9ddd775db,supabase/migrations/20260902140000_mobile_crane_2026_04_questions.sql,153,公益財団法人安全衛生技術試験協会 令和8年4月公表 移動式クレーン運転士試験 問8,stem+choices,LOW,short_topic_header,True,False,False,0.5333,0.5333,0.1402,0.1402,0.3685,0.3685,0.8,0.8,20,0.6667,0.0,0.8235,0,0.0,True,none,,,0.0,0.0,0.0
learn_example,mobile_crane,mobile-crawler-undercarriage,mobile-crawler-undercarriage,src/lib/data/learn/mobile-crane-topics.ts,88,in_use,移動式クレーンに関する知識,クローラクレーンの下部走行体,multiple_choice,mobile_crane,3cbe1b73-f723-4ad2-a641-bec17aebc245,supabase/migrations/20260902133100_mobile_crane_2025_10_questions.sql,66,公益財団法人安全衛生技術試験協会 令和7年10月公表 移動式クレーン運転士試験 問4,learn_fields,LOW,shared_topic_vocabulary,True,False,False,0.0119,0.0118,0.2683,0.2713,0.7025,0.7027,0.0517,0.0509,10,0.0273,0.0,0.3333,0,0.0,False,full,2|9.8,,0.16,0.0,0.0268
learn_example,mobile_crane,mobile-electric-shock,mobile-electric-shock,src/lib/data/learn/mobile-crane-topics.ts,305,in_use,原動機及び電気に関する知識,感電とその防止,multiple_choice,mobile_crane,2ee7ed87-0b44-4600-9ebb-a7eaab272692,supabase/migrations/20260902140000_mobile_crane_2026_04_questions.sql,408,公益財団法人安全衛生技術試験協会 令和8年4月公表 移動式クレーン運転士試験 問20,learn_fields,LOW,terminology_or_boilerplate,True,False,False,0.0032,0.0031,0.1783,0.1812,0.4462,0.4386,0.0678,0.0667,12,0.0365,0.0,0.2386,0,0.0,False,full,1|50,,0.0769,0.0,0.0
learn_example,mobile_crane,mobile-electricity-basics,mobile-electricity-basics,src/lib/data/learn/mobile-crane-topics.ts,292,in_use,原動機及び電気に関する知識,電気の基礎(交流・直流・送配電),multiple_choice,mobile_crane,57717975-392a-4124-b881-2e4c8b9f2b63,supabase/migrations/20260902140000_mobile_crane_2026_04_questions.sql,387,公益財団法人安全衛生技術試験協会 令和8年4月公表 移動式クレーン運転士試験 問19,learn_fields,LOW,terminology_or_boilerplate,True,False,False,0.0,0.0,0.1636,0.1572,0.4561,0.4488,0.0081,0.008,1,0.0043,0.0,0.1731,0,0.0,False,full,50|60|200|400,,0.0,0.0,0.0
learn_example,mobile_crane,mobile-engine-electrical,mobile-engine-electrical,src/lib/data/learn/mobile-crane-topics.ts,211,in_use,原動機及び電気に関する知識,エンジン電装品,multiple_choice,mobile_crane,1dc0d658-f763-4dc9-b6a6-980f85b5e555,supabase/migrations/20260902140000_mobile_crane_2026_04_questions.sql,240,公益財団法人安全衛生技術試験協会 令和8年4月公表 移動式クレーン運転士試験 問12,learn_fields,LOW,shared_topic_vocabulary,True,False,False,0.0211,0.021,0.29,0.2918,0.678,0.6762,0.0878,0.0875,14,0.0504,0.0,0.3925,0,0.0,False,full,24,,0.0488,0.0,0.0
learn_example,mobile_crane,mobile-friction,mobile-friction,src/lib/data/learn/mobile-crane-topics.ts,503,in_use,移動式クレーンの運転のために必要な力学に関する知識,摩擦力,multiple_choice,crane_all,dfaa80b5-3e23-4994-9083-1448d2a6f228,supabase/migrations/20260901120100_crane_all_past_exam_questions.sql,1687,公益財団法人安全衛生技術試験協会 令和8年4月公表 クレーン・デリック運転士（限定なし）試験 問36,learn_fields,LOW,shared_topic_vocabulary,False,False,False,0.0096,0.0096,0.1277,0.1286,0.6012,0.5904,0.0761,0.0752,15,0.0407,0.0,0.1364,0,0.0,False,none,,,0.0435,0.0,0.0
learn_example,mobile_crane,mobile-hoist-clutch-brake,mobile-hoist-clutch-brake,src/lib/data/learn/mobile-crane-topics.ts,116,in_use,移動式クレーンに関する知識,巻上装置とクラッチ・ブレーキ,multiple_choice,mobile_crane,f928f3a7-c739-46af-af03-1e6dff4ec29a,supabase/migrations/20260902140000_mobile_crane_2026_04_questions.sql,90,公益財団法人安全衛生技術試験協会 令和8年4月公表 移動式クレーン運転士試験 問5,learn_fields,LOW,shared_topic_vocabulary,True,False,False,0.0128,0.0128,0.2261,0.2261,0.6286,0.6286,0.0814,0.0814,14,0.0443,0.0,0.2871,0,0.0,False,none,,,0.0588,0.0,0.0375
learn_example,mobile_crane,mobile-hydraulic-accessories,mobile-hydraulic-accessories,src/lib/data/learn/mobile-crane-topics.ts,266,in_use,原動機及び電気に関する知識,油圧装置の付属機器,multiple_choice,mobile_crane,e0a2fba2-887a-4c05-95aa-ecd09d156769,supabase/migrations/20260902140000_mobile_crane_2026_04_questions.sql,324,公益財団法人安全衛生技術試験協会 令和8年4月公表 移動式クレーン運転士試験 問16,learn_fields,LOW,shared_topic_vocabulary,True,False,False,0.0038,0.0038,0.2488,0.2488,0.5517,0.5517,0.069,0.069,10,0.0389,0.0,0.3223,0,0.0,False,none,,,0.2258,0.0,0.0
learn_example,mobile_crane,mobile-hydraulic-actuators,mobile-hydraulic-actuators,src/lib/data/learn/mobile-crane-topics.ts,238,in_use,原動機及び電気に関する知識,油圧駆動装置(シリンダ・モータ),multiple_choice,mobile_crane,ea7922b2-5f6b-4a5a-8a9e-e77aa0131097,supabase/migrations/20260902140000_mobile_crane_2026_04_questions.sql,282,公益財団法人安全衛生技術試験協会 令和8年4月公表 移動式クレーン運転士試験 問14,learn_fields,LOW,shared_topic_vocabulary,True,False,False,0.0036,0.0036,0.2289,0.2289,0.6429,0.6429,0.0588,0.0588,10,0.0323,0.0,0.2815,0,0.0,False,none,,,0.1176,0.0,0.0306
learn_example,mobile_crane,mobile-hydraulic-maintenance,mobile-hydraulic-maintenance,src/lib/data/learn/mobile-crane-topics.ts,279,in_use,原動機及び電気に関する知識,油圧装置の保守・作動油,multiple_choice,mobile_crane,12d5bc00-3970-432c-a1bd-3403d6ffe57d,supabase/migrations/20260902133100_mobile_crane_2025_10_questions.sql,365,公益財団法人安全衛生技術試験協会 令和7年10月公表 移動式クレーン運転士試験 問18,learn_fields,LOW,terminology_or_boilerplate,True,False,False,0.0031,0.0032,0.1355,0.1353,0.3603,0.3523,0.0399,0.0401,7,0.0219,0.0,0.1234,0,0.0,False,partial,180|240,,0.1176,0.0,0.0
learn_example,mobile_crane,mobile-inspection-certificate,mobile-inspection-certificate,src/lib/data/learn/mobile-crane-topics.ts,331,in_use,関係法令,移動式クレーン検査証,multiple_choice,mobile_crane,f5b11f26-222e-47b4-a9af-5489927c2b86,supabase/migrations/20260902140000_mobile_crane_2026_04_questions.sql,450,公益財団法人安全衛生技術試験協会 令和8年4月公表 移動式クレーン運転士試験 問22,learn_fields,LOW,statutory_or_formula_numbers,True,False,False,0.0503,0.0554,0.3697,0.3741,0.6873,0.6896,0.1814,0.1854,40,0.1078,0.0,0.4311,0,0.0,False,full,2|3|10,,0.1186,0.0,0.0
learn_example,mobile_crane,mobile-inspection-system,mobile-inspection-system,src/lib/data/learn/mobile-crane-topics.ts,318,in_use,関係法令,移動式クレーンの検査制度,multiple_choice,mobile_crane,a94060d5-d979-4db9-bc54-dd1d0a2cc052,supabase/migrations/20260902140000_mobile_crane_2026_04_questions.sql,599,公益財団法人安全衛生技術試験協会 令和8年4月公表 移動式クレーン運転士試験 問29,learn_fields,LOW,shared_topic_vocabulary,True,False,False,0.0249,0.0326,0.2105,0.2176,0.5057,0.5062,0.0845,0.0938,27,0.0461,0.0,0.2043,0,0.0,False,partial,1.27,1.27,0.098,0.0,0.0
learn_example,mobile_crane,mobile-jib-attachment,mobile-jib-attachment,src/lib/data/learn/mobile-crane-topics.ts,130,in_use,移動式クレーンに関する知識,ジブ(フロントアタッチメント)の構造,multiple_choice,mobile_crane,14736c5f-c4ef-4e43-9e18-a9ae7a956673,supabase/migrations/20260902133100_mobile_crane_2025_10_questions.sql,45,公益財団法人安全衛生技術試験協会 令和7年10月公表 移動式クレーン運転士試験 問3,learn_fields,LOW,shared_topic_vocabulary,True,False,False,0.0026,0.0027,0.2828,0.2799,0.5612,0.5908,0.0534,0.0526,11,0.0292,0.0,0.3178,0,0.0,False,full,2|3|4,,0.2368,0.0,0.0
learn_example,mobile_crane,mobile-license-handling,mobile-license-handling,src/lib/data/learn/mobile-crane-topics.ts,409,in_use,関係法令,免許・免許証の取扱い,multiple_choice,mobile_crane,f0dd74e2-d9aa-477d-bca1-3260db042352,supabase/migrations/20260902140000_mobile_crane_2026_04_questions.sql,620,公益財団法人安全衛生技術試験協会 令和8年4月公表 移動式クレーン運転士試験 問30,learn_fields,LOW,statutory_or_formula_numbers,True,False,False,0.0069,0.0069,0.3426,0.3482,0.6869,0.6904,0.0468,0.0462,8,0.0259,0.0,0.4175,0,0.0,False,subset,1,,0.027,0.0,0.0
learn_example,mobile_crane,mobile-license-slinging-qual,mobile-license-slinging-qual,src/lib/data/learn/mobile-crane-topics.ts,344,in_use,関係法令,運転・玉掛けの資格制度,multiple_choice,mobile_crane,387dcd10-30cc-4a46-a00d-a551680dcfbe,supabase/migrations/20260902133100_mobile_crane_2025_10_questions.sql,475,公益財団法人安全衛生技術試験協会 令和7年10月公表 移動式クレーン運転士試験 問23,learn_fields,LOW,terminology_or_boilerplate,True,False,False,0.0453,0.0484,0.1454,0.1662,0.4189,0.4326,0.1114,0.1057,25,0.0611,0.0,0.2973,0,0.0,False,none,,,0.0455,0.0,0.0
learn_example,mobile_crane,mobile-load-types,mobile-load-types,src/lib/data/learn/mobile-crane-topics.ts,516,in_use,移動式クレーンの運転のために必要な力学に関する知識,荷重の種類,multiple_choice,mobile_crane,709400ed-55a7-4465-9c6b-9ede16ddc355,supabase/migrations/20260902140000_mobile_crane_2026_04_questions.sql,770,公益財団法人安全衛生技術試験協会 令和8年4月公表 移動式クレーン運転士試験 問37,learn_fields,LOW,shared_topic_vocabulary,True,False,False,0.0039,0.0039,0.2278,0.2278,0.5108,0.5108,0.046,0.046,8,0.0242,0.0,0.2381,0,0.0,False,none,,,0.0,0.0,0.0
learn_example,mobile_crane,mobile-mass-specific-gravity,mobile-mass-specific-gravity,src/lib/data/learn/mobile-crane-topics.ts,463,in_use,移動式クレーンの運転のために必要な力学に関する知識,質量・比重の計算,multiple_choice,crane_all,1b00f817-2e4b-4f9b-86a2-368cdc435f1b,supabase/migrations/20260901120100_crane_all_past_exam_questions.sql,1624,公益財団法人安全衛生技術試験協会 令和8年4月公表 クレーン・デリック運転士（限定なし）試験 問33,learn_fields,LOW,terminology_or_boilerplate,False,False,False,0.0092,0.0097,0.0983,0.1261,0.3708,0.3696,0.0747,0.0671,14,0.0401,0.0,0.1009,0,0.0,False,subset,1|2|3|4,,0.0,0.1108,0.0
learn_example,mobile_crane,mobile-motion-acceleration,mobile-motion-acceleration,src/lib/data/learn/mobile-crane-topics.ts,490,in_use,移動式クレーンの運転のために必要な力学に関する知識,運動(速度・加速度),multiple_choice,mobile_crane,0bdc7fdf-a0c6-4acd-a95e-4aca59d2b652,supabase/migrations/20260902140000_mobile_crane_2026_04_questions.sql,728,公益財団法人安全衛生技術試験協会 令和8年4月公表 移動式クレーン運転士試験 問35,learn_fields,LOW,terminology_or_boilerplate,True,False,False,0.0075,0.0076,0.1473,0.1646,0.364,0.3924,0.0528,0.0513,8,0.0283,0.0,0.1679,0,0.0,False,partial,2|6|1.5,1.5,0.0,0.0,0.0
learn_example,mobile_crane,mobile-overhoist-adjustment,mobile-overhoist-adjustment,src/lib/data/learn/mobile-crane-topics.ts,370,in_use,関係法令,巻過防止の調整基準,multiple_choice,mobile_crane,37b0c9be-4785-4234-8062-1dd1d07c8eaa,supabase/migrations/20260902140000_mobile_crane_2026_04_questions.sql,535,公益財団法人安全衛生技術試験協会 令和8年4月公表 移動式クレーン運転士試験 問26,learn_fields,LOW,terminology_or_boilerplate,True,False,False,0.117,0.1218,0.1278,0.1181,0.3515,0.3107,0.2545,0.2575,64,0.2238,0.0,0.1741,0,0.0,False,subset,0.05|0.15|0.25,0.05|0.15|0.25,0.0099,0.0,0.0
learn_example,mobile_crane,mobile-safety-devices,mobile-safety-devices,src/lib/data/learn/mobile-crane-topics.ts,157,in_use,移動式クレーンに関する知識,安全装置(過負荷防止・巻過防止),multiple_choice,mobile_crane,6cb3a30e-bf27-48e9-a028-62d9ddd775db,supabase/migrations/20260902140000_mobile_crane_2026_04_questions.sql,153,公益財団法人安全衛生技術試験協会 令和8年4月公表 移動式クレーン運転士試験 問8,learn_fields,LOW,shared_topic_vocabulary,True,False,False,0.003,0.003,0.2403,0.2403,0.4813,0.4813,0.0506,0.0506,10,0.0274,0.0,0.2716,0,0.0,False,none,,,0.0541,0.0,0.0
learn_example,mobile_crane,mobile-self-inspection,mobile-self-inspection,src/lib/data/learn/mobile-crane-topics.ts,396,in_use,関係法令,自主検査(定期・作業開始前),multiple_choice,crane_all,2605175b-52ef-48b3-a413-288351c48954,supabase/migrations/20260901120100_crane_all_past_exam_questions.sql,377,公益財団法人安全衛生技術試験協会 令和7年10月公表 クレーン・デリック運転士（限定なし）試験 問15,learn_fields,LOW,terminology_or_boilerplate,False,False,False,0.0142,0.014,0.1663,0.1753,0.4248,0.4465,0.0667,0.0639,14,0.0358,0.0,0.1751,0,0.0,False,full,1|3,,0.0588,0.0,0.0
learn_example,mobile_crane,mobile-terms-dimensions,mobile-terms-dimensions,src/lib/data/learn/mobile-crane-topics.ts,74,in_use,移動式クレーンに関する知識,移動式クレーンに関する用語,multiple_choice,mobile_crane,d8e1f334-e11a-4c60-8ddf-7ae10ccd8553,supabase/migrations/20260902133100_mobile_crane_2025_10_questions.sql,3,公益財団法人安全衛生技術試験協会 令和7年10月公表 移動式クレーン運転士試験 問1,learn_fields,LOW,shared_topic_vocabulary,True,False,False,0.0029,0.0029,0.263,0.263,0.5629,0.5629,0.0467,0.0467,10,0.0248,0.0,0.4286,0,0.0,False,none,,,0.4545,0.0,0.022
learn_example,mobile_crane,mobile-types-models,mobile-types-models,src/lib/data/learn/mobile-crane-topics.ts,60,in_use,移動式クレーンに関する知識,移動式クレーンの種類と型式,multiple_choice,mobile_crane,7cf3a1a5-4f9a-42e6-a95a-e024218ea623,supabase/migrations/20260902140000_mobile_crane_2026_04_questions.sql,27,公益財団法人安全衛生技術試験協会 令和8年4月公表 移動式クレーン運転士試験 問2,learn_fields,LOW,shared_topic_vocabulary,True,False,False,0.0137,0.0137,0.2314,0.231,0.6531,0.6688,0.0413,0.0407,11,0.0219,0.0,0.2758,0,0.0,False,full,1|3|4,,0.2258,0.0,0.028
learn_example,mobile_crane,mobile-use-restrictions,mobile-use-restrictions,src/lib/data/learn/mobile-crane-topics.ts,357,in_use,関係法令,移動式クレーンの使用制限,multiple_choice,mobile_crane,c90e24b3-28ba-444c-a3a9-c91d3133a58b,supabase/migrations/20260902140000_mobile_crane_2026_04_questions.sql,514,公益財団法人安全衛生技術試験協会 令和8年4月公表 移動式クレーン運転士試験 問25,learn_fields,LOW,shared_topic_vocabulary,True,False,False,0.26,0.2617,0.2587,0.2602,0.5334,0.532,0.2711,0.2543,103,0.2537,0.0,0.3528,0,0.0,False,partial,0.5,,0.0225,0.0,0.0
learn_example,mobile_crane,mobile-wire-rope-lay,mobile-wire-rope-lay,src/lib/data/learn/mobile-crane-topics.ts,143,in_use,移動式クレーンに関する知識,ワイヤロープのより方・点検,multiple_choice,mobile_crane,a99d833b-fe33-4891-9bca-12ba1e165787,supabase/migrations/20260902140000_mobile_crane_2026_04_questions.sql,132,公益財団法人安全衛生技術試験協会 令和8年4月公表 移動式クレーン運転士試験 問7,learn_fields,LOW,shared_topic_vocabulary,True,False,False,0.012,0.012,0.2124,0.2185,0.5574,0.5562,0.048,0.0466,9,0.0255,0.0,0.2342,0,0.0,False,subset,3|6,,0.1154,0.0,0.0176
learn_example,mobile_crane,mobile-work-area-stability,mobile-work-area-stability,src/lib/data/learn/mobile-crane-topics.ts,184,in_use,移動式クレーンに関する知識,作業領域と安定性,multiple_choice,mobile_crane,1aa9c39e-b749-45d1-bde3-6581316bd87b,supabase/migrations/20260902133100_mobile_crane_2025_10_questions.sql,150,公益財団法人安全衛生技術試験協会 令和7年10月公表 移動式クレーン運転士試験 問8,learn_fields,LOW,terminology_or_boilerplate,True,False,False,0.0031,0.0031,0.1365,0.1365,0.4199,0.4199,0.0508,0.0508,9,0.0274,0.0,0.1772,0,0.0,False,none,,,0.0,0.0,0.0223
learn_example,mobile_crane,mobile-work-regulations,mobile-work-regulations,src/lib/data/learn/mobile-crane-topics.ts,422,in_use,関係法令,作業に関する規制,multiple_choice,mobile_crane,c90e24b3-28ba-444c-a3a9-c91d3133a58b,supabase/migrations/20260902140000_mobile_crane_2026_04_questions.sql,514,公益財団法人安全衛生技術試験協会 令和8年4月公表 移動式クレーン運転士試験 問25,learn_fields,LOW,terminology_or_boilerplate,True,False,False,0.1429,0.1429,0.1452,0.1452,0.3698,0.3671,0.1608,0.1605,59,0.1453,0.0,0.2071,0,0.0,False,subset,0.5,,0.0096,0.0,0.0
multiple_choice,pressure_chamber,2270aad9-a18a-4a66-a065-1d0056bf5507,,supabase/migrations/20260904093532_pressure_chamber_original_questions.sql,896,in_use,関係法令,特別教育が必要な業務に該当しないものはどれか。,multiple_choice,pressure_chamber,118ab76e-7c65-448f-9e0c-3caac351a5b1,supabase/migrations/20260904120000_pressure_chamber_2025_10_questions.sql,762,公益財団法人安全衛生技術試験協会 令和7年10月公表 高圧室内作業主任者試験 問34,stem+choices,LOW,terminology_or_boilerplate,True,False,False,0.1404,0.1404,0.2254,0.2254,0.402,0.402,0.4058,0.4058,14,0.2979,0.0,0.2632,0,0.0,False,none,,,0.0,0.0,0.0
multiple_choice,pressure_chamber,d11da945-0f21-4b75-b8df-5cfd50510d62,,supabase/migrations/20260904093532_pressure_chamber_original_questions.sql,923,in_use,関係法令,高圧室内業務の作業計画に示す事項として、定められていないものはどれか。,multiple_choice,pressure_chamber,5f4ef1e0-41ab-4f98-bbcd-aae8affd0182,supabase/migrations/20260904120100_pressure_chamber_2026_04_questions.sql,791,公益財団法人安全衛生技術試験協会 令和8年4月公表 高圧室内作業主任者試験 問35,stem+choices,LOW,short_topic_header,True,False,False,0.1467,0.1467,0.1885,0.1885,0.3921,0.3921,0.4444,0.4444,20,0.3509,0.0,0.2333,0,0.0,False,none,,,0.0,0.0,0.0
multiple_choice,pressure_chamber,e080822c-70cd-46c9-b9be-f702e99cba5b,,supabase/migrations/20260904093532_pressure_chamber_original_questions.sql,220,in_use,圧気工法,圧気工事における有害ガス等の管理に関する記述として、正しいものはどれか。,multiple_choice,pressure_chamber,efb11690-018e-4034-a7be-5096f0300e06,supabase/migrations/20260904120100_pressure_chamber_2026_04_questions.sql,266,公益財団法人安全衛生技術試験協会 令和8年4月公表 高圧室内作業主任者試験 問10,stem+choices,LOW,short_topic_header,True,False,False,0.3636,0.3636,0.1378,0.1378,0.307,0.307,0.6939,0.6939,17,0.68,0.0,0.4762,0,0.0,False,none,,,0.0,0.0,0.0
learn_example,pressure_chamber,pc-air-exhaust-layout,pc-air-exhaust-layout,src/lib/data/learn/pressure-chamber-topics.ts,223,in_use,送気及び排気,ケーソンの送排気操作,multiple_choice,pressure_chamber,3e327230-0aed-4f34-aca8-ada9a5082132,supabase/migrations/20260904120000_pressure_chamber_2025_10_questions.sql,363,公益財団法人安全衛生技術試験協会 令和7年10月公表 高圧室内作業主任者試験 問15,learn_fields,LOW,shared_topic_vocabulary,True,False,False,0.0,0.0,0.2817,0.2817,0.6652,0.6652,0.0672,0.0672,8,0.0362,0.0,0.401,0,0.0,False,none,,,0.2941,0.0,0.0361
learn_example,pressure_chamber,pc-air-pipes,pc-air-pipes,src/lib/data/learn/pressure-chamber-topics.ts,212,in_use,送気及び排気,送排気管の構造,multiple_choice,pressure_chamber,bf589482-6ff9-4058-976d-c6bde5021ea8,supabase/migrations/20260904120100_pressure_chamber_2026_04_questions.sql,350,公益財団法人安全衛生技術試験協会 令和8年4月公表 高圧室内作業主任者試験 問14,learn_fields,LOW,shared_topic_vocabulary,True,False,False,0.013,0.0131,0.1952,0.2049,0.4943,0.5217,0.0549,0.0545,7,0.0302,0.0,0.2297,0,0.0,False,partial,3|100,,0.0833,0.0896,0.0
learn_example,pressure_chamber,pc-barotrauma,pc-barotrauma,src/lib/data/learn/pressure-chamber-topics.ts,357,in_use,高気圧障害,圧外傷,multiple_choice,pressure_chamber,b4759a2c-445e-4c96-a313-47ebef5a84e0,supabase/migrations/20260904120100_pressure_chamber_2026_04_questions.sql,623,公益財団法人安全衛生技術試験協会 令和8年4月公表 高圧室内作業主任者試験 問27,learn_fields,LOW,terminology_or_boilerplate,True,False,False,0.0041,0.0041,0.1823,0.1802,0.4455,0.4373,0.0386,0.0388,5,0.0198,0.0,0.2227,0,0.0,False,full,0.03,,0.2,0.0,0.0
learn_example,pressure_chamber,pc-bls,pc-bls,src/lib/data/learn/pressure-chamber-topics.ts,390,in_use,高気圧障害,一次救命処置,multiple_choice,pressure_chamber,69251600-3cc3-437f-ab30-576ab5cf8d9a,supabase/migrations/20260904120000_pressure_chamber_2025_10_questions.sql,678,公益財団法人安全衛生技術試験協会 令和7年10月公表 高圧室内作業主任者試験 問30,learn_fields,LOW,terminology_or_boilerplate,True,False,False,0.0,0.0,0.2071,0.2005,0.4667,0.4596,0.009,0.009,1,0.0047,0.0,0.4286,0,0.0,False,partial,5|100|119|120,119,0.5,0.0,0.0
learn_example,pressure_chamber,pc-body-effects,pc-body-effects,src/lib/data/learn/pressure-chamber-topics.ts,379,in_use,高気圧障害,高気圧作業の人体影響,multiple_choice,pressure_chamber,687ba4f9-7636-49d6-a0bb-02b1a35a1dbc,supabase/migrations/20260904120100_pressure_chamber_2026_04_questions.sql,665,公益財団法人安全衛生技術試験協会 令和8年4月公表 高圧室内作業主任者試験 問29,learn_fields,LOW,shared_topic_vocabulary,True,False,False,0.0041,0.0041,0.257,0.2633,0.4916,0.4987,0.062,0.0606,8,0.0343,0.0,0.3246,0,0.0,False,subset,1|2|4|0.3,,0.1111,0.0817,0.0
learn_example,pressure_chamber,pc-buhlmann,pc-buhlmann,src/lib/data/learn/pressure-chamber-topics.ts,280,in_use,送気及び排気,ビュールマンZH-L16モデル,multiple_choice,pressure_chamber,699f7f89-70c4-4c49-9b2b-8d455e3eb08a,supabase/migrations/20260904120100_pressure_chamber_2026_04_questions.sql,476,公益財団法人安全衛生技術試験協会 令和8年4月公表 高圧室内作業主任者試験 問20,learn_fields,LOW,shared_topic_vocabulary,True,False,False,0.0387,0.0423,0.2382,0.2408,0.7257,0.7267,0.1279,0.1326,22,0.0707,0.0,0.3667,0,0.0,False,subset,14|16,,0.2812,0.1723,0.0
learn_example,pressure_chamber,pc-caisson-overview,pc-caisson-overview,src/lib/data/learn/pressure-chamber-topics.ts,63,in_use,圧気工法,ニューマチックケーソン工法の概要,multiple_choice,pressure_chamber,6f4f5922-e896-46ff-b549-59017173167d,supabase/migrations/20260904120100_pressure_chamber_2026_04_questions.sql,69,公益財団法人安全衛生技術試験協会 令和8年4月公表 高圧室内作業主任者試験 問1,learn_fields,LOW,terminology_or_boilerplate,True,False,False,0.0241,0.0241,0.1482,0.1482,0.459,0.459,0.0694,0.0694,11,0.0364,0.0,0.6667,0,0.0,False,none,,,0.5625,0.0,0.0545
learn_example,pressure_chamber,pc-caisson-types,pc-caisson-types,src/lib/data/learn/pressure-chamber-topics.ts,75,in_use,圧気工法,ケーソンの種類と方式,multiple_choice,pressure_chamber,dcb0fb92-8d9d-4439-aa4e-9b13a8c704cc,supabase/migrations/20260904120100_pressure_chamber_2026_04_questions.sql,90,公益財団法人安全衛生技術試験協会 令和8年4月公表 高圧室内作業主任者試験 問2,learn_fields,LOW,shared_topic_vocabulary,True,False,False,0.0282,0.0282,0.2156,0.2156,0.573,0.573,0.0893,0.0893,13,0.0481,0.0,0.5556,0,0.0,False,none,,,0.2381,0.0,0.0
learn_example,pressure_chamber,pc-centre,pc-centre,src/lib/data/learn/pressure-chamber-topics.ts,86,in_use,圧気工法,ケーソンの施工とセントル,multiple_choice,pressure_chamber,f33c281d-aada-40a5-8455-7a74d12aa437,supabase/migrations/20260904120000_pressure_chamber_2025_10_questions.sql,111,公益財団法人安全衛生技術試験協会 令和7年10月公表 高圧室内作業主任者試験 問3,learn_fields,LOW,shared_topic_vocabulary,True,False,False,0.004,0.004,0.2722,0.2714,0.7768,0.7785,0.0441,0.044,6,0.0234,0.0,0.321,0,0.0,False,none,,,0.2105,0.0,0.0372
learn_example,pressure_chamber,pc-co2-toxicity,pc-co2-toxicity,src/lib/data/learn/pressure-chamber-topics.ts,324,in_use,高気圧障害,二酸化炭素中毒,multiple_choice,pressure_chamber,1da2b09e-34d5-44c9-8bab-d4834a63e1cc,supabase/migrations/20260904120000_pressure_chamber_2025_10_questions.sql,552,公益財団法人安全衛生技術試験協会 令和7年10月公表 高圧室内作業主任者試験 問24,learn_fields,LOW,shared_topic_vocabulary,True,False,False,0.0122,0.0123,0.2168,0.217,0.5832,0.5856,0.0949,0.0952,13,0.0508,0.0,0.3077,0,0.0,False,full,4|0.3|300|400,,0.3846,0.1649,0.0
learn_example,pressure_chamber,pc-compressor,pc-compressor,src/lib/data/learn/pressure-chamber-topics.ts,201,in_use,送気及び排気,空気圧縮機の構造,multiple_choice,pressure_chamber,206c0e22-dc5b-45e6-a1bb-753da5f53cba,supabase/migrations/20260904120100_pressure_chamber_2026_04_questions.sql,329,公益財団法人安全衛生技術試験協会 令和8年4月公表 高圧室内作業主任者試験 問13,learn_fields,LOW,shared_topic_vocabulary,True,False,False,0.0042,0.0042,0.2407,0.2392,0.551,0.5478,0.0379,0.038,5,0.0209,0.0,0.3026,0,0.0,False,subset,3300,3300,0.1154,0.0,0.0
learn_example,pressure_chamber,pc-dcs,pc-dcs,src/lib/data/learn/pressure-chamber-topics.ts,346,in_use,高気圧障害,減圧症,multiple_choice,pressure_chamber,43955d63-9864-4e7a-8d2f-ec7c3661cbd8,supabase/migrations/20260904120100_pressure_chamber_2026_04_questions.sql,602,公益財団法人安全衛生技術試験協会 令和8年4月公表 高圧室内作業主任者試験 問26,learn_fields,LOW,terminology_or_boilerplate,True,False,False,0.0082,0.0082,0.2107,0.2107,0.4586,0.4542,0.0369,0.0369,5,0.0189,0.0,0.276,0,0.0,False,full,0.1,,0.2,0.0645,0.0
learn_example,pressure_chamber,pc-electrical,pc-electrical,src/lib/data/learn/pressure-chamber-topics.ts,179,in_use,送気及び排気,ケーソン工事の電気設備,multiple_choice,pressure_chamber,cb58473c-75bc-462f-846f-9478b7d5b208,supabase/migrations/20260904120000_pressure_chamber_2025_10_questions.sql,279,公益財団法人安全衛生技術試験協会 令和7年10月公表 高圧室内作業主任者試験 問11,learn_fields,LOW,shared_topic_vocabulary,True,False,False,0.0,0.0,0.2725,0.2711,0.5956,0.5931,0.0417,0.0418,6,0.0226,0.0,0.3399,0,0.0,False,subset,2|100|200|400|6600,6600,0.2083,0.0,0.0
learn_example,pressure_chamber,pc-equipment,pc-equipment,src/lib/data/learn/pressure-chamber-topics.ts,257,in_use,送気及び排気,ケーソン工事の設備・機器,multiple_choice,pressure_chamber,bd2b4d19-e9f0-4d7c-8a9d-51bd6634ae39,supabase/migrations/20260904120000_pressure_chamber_2025_10_questions.sql,426,公益財団法人安全衛生技術試験協会 令和7年10月公表 高圧室内作業主任者試験 問18,learn_fields,LOW,terminology_or_boilerplate,True,False,False,0.0037,0.0037,0.1758,0.1901,0.4233,0.4264,0.0481,0.0478,7,0.0263,0.0,0.2283,0,0.0,False,none,,,0.1154,0.0,0.0
learn_example,pressure_chamber,pc-fluid-properties,pc-fluid-properties,src/lib/data/learn/pressure-chamber-topics.ts,302,in_use,高気圧障害,流体の性質・気圧・温度,multiple_choice,pressure_chamber,b2d950f6-bcde-4955-8859-16ff6a9b9c37,supabase/migrations/20260904120000_pressure_chamber_2025_10_questions.sql,510,公益財団法人安全衛生技術試験協会 令和7年10月公表 高圧室内作業主任者試験 問22,learn_fields,LOW,shared_topic_vocabulary,True,False,False,0.0,0.0,0.2124,0.2249,0.5021,0.5419,0.05,0.0496,7,0.0263,0.0,0.5455,0,0.0,False,partial,1|1000|101.3,101.3,0.5833,0.0719,0.0
learn_example,pressure_chamber,pc-gas-limits,pc-gas-limits,src/lib/data/learn/pressure-chamber-topics.ts,457,in_use,関係法令,ガス分圧の制限,multiple_choice,pressure_chamber,f259a2e3-32a1-4a95-bdd9-02942d73cc59,supabase/migrations/20260904120000_pressure_chamber_2025_10_questions.sql,804,公益財団法人安全衛生技術試験協会 令和7年10月公表 高圧室内作業主任者試験 問36,learn_fields,LOW,shared_topic_vocabulary,True,False,False,0.0245,0.0261,0.1201,0.1012,0.5024,0.5537,0.0743,0.072,14,0.0403,0.0,0.1481,0,0.0,False,subset,5|18|160|220|400,220,0.0645,0.0427,0.0
learn_example,pressure_chamber,pc-harmful-gas,pc-harmful-gas,src/lib/data/learn/pressure-chamber-topics.ts,154,in_use,圧気工法,圧気工事における有害ガス,multiple_choice,pressure_chamber,a57d39ec-3737-42a7-b7a6-5eeed5e09f42,supabase/migrations/20260904120000_pressure_chamber_2025_10_questions.sql,237,公益財団法人安全衛生技術試験協会 令和7年10月公表 高圧室内作業主任者試験 問9,learn_fields,LOW,shared_topic_vocabulary,True,False,False,0.0,0.0,0.2748,0.2753,0.5976,0.5964,0.0247,0.0246,4,0.013,0.0,0.6429,0,0.0,False,subset,20,,0.6667,0.0,0.0
learn_example,pressure_chamber,pc-health-exam,pc-health-exam,src/lib/data/learn/pressure-chamber-topics.ts,490,in_use,関係法令,高気圧業務健康診断,multiple_choice,pressure_chamber,eeb35d8e-ea2f-4a99-86b1-68a249063a54,supabase/migrations/20260904120000_pressure_chamber_2025_10_questions.sql,867,公益財団法人安全衛生技術試験協会 令和7年10月公表 高圧室内作業主任者試験 問39,learn_fields,LOW,terminology_or_boilerplate,True,False,False,0.0173,0.0171,0.1501,0.156,0.3818,0.3884,0.0506,0.0491,8,0.0272,0.0,0.3333,0,0.0,False,full,1|3|5|6,,0.3889,0.0,0.0
learn_example,pressure_chamber,pc-license,pc-license,src/lib/data/learn/pressure-chamber-topics.ts,424,in_use,関係法令,作業主任者の免許・選任,multiple_choice,pressure_chamber,58dcafce-57e9-457c-a3e4-f726e11e8980,supabase/migrations/20260904120000_pressure_chamber_2025_10_questions.sql,741,公益財団法人安全衛生技術試験協会 令和7年10月公表 高圧室内作業主任者試験 問33,learn_fields,LOW,shared_topic_vocabulary,True,False,False,0.028,0.0279,0.2761,0.2837,0.5553,0.5554,0.1,0.0979,14,0.0538,0.0,0.5294,0,0.0,False,subset,1|2|20,,0.3,0.0,0.0
learn_example,pressure_chamber,pc-lung-rupture,pc-lung-rupture,src/lib/data/learn/pressure-chamber-topics.ts,368,in_use,高気圧障害,肺の破裂と合併症,multiple_choice,pressure_chamber,17bfc60b-9eaf-413a-b4c0-8bb245b6e1f4,supabase/migrations/20260904120000_pressure_chamber_2025_10_questions.sql,636,公益財団法人安全衛生技術試験協会 令和7年10月公表 高圧室内作業主任者試験 問28,learn_fields,LOW,shared_topic_vocabulary,True,False,False,0.0,0.0,0.2807,0.2786,0.5619,0.5562,0.0448,0.045,5,0.024,0.0,0.3897,0,0.0,False,full,0.03,,0.1875,0.1148,0.0
learn_example,pressure_chamber,pc-mixed-gas,pc-mixed-gas,src/lib/data/learn/pressure-chamber-topics.ts,246,in_use,送気及び排気,混合ガス呼吸,multiple_choice,pressure_chamber,abf242ec-cc39-4f23-b437-99107f923639,supabase/migrations/20260904120000_pressure_chamber_2025_10_questions.sql,405,公益財団法人安全衛生技術試験協会 令和7年10月公表 高圧室内作業主任者試験 問17,learn_fields,LOW,shared_topic_vocabulary,True,False,False,0.0141,0.0143,0.1867,0.1812,0.58,0.5764,0.0659,0.0659,11,0.0347,0.0,0.2568,0,0.0,False,subset,0.3|0.4,,0.3077,0.0,0.0
learn_example,pressure_chamber,pc-nitrogen-narcosis,pc-nitrogen-narcosis,src/lib/data/learn/pressure-chamber-topics.ts,335,in_use,高気圧障害,窒素酔い,multiple_choice,pressure_chamber,96986fcf-3f8b-455c-b6d8-a916d824e58c,supabase/migrations/20260904120000_pressure_chamber_2025_10_questions.sql,573,公益財団法人安全衛生技術試験協会 令和7年10月公表 高圧室内作業主任者試験 問25,learn_fields,LOW,terminology_or_boilerplate,True,False,False,0.0,0.0,0.2075,0.2075,0.3766,0.3776,0.0232,0.0232,3,0.0121,0.0,0.2301,0,0.0,False,full,0.3,,0.2,0.0223,0.0
learn_example,pressure_chamber,pc-oxygen-decompression,pc-oxygen-decompression,src/lib/data/learn/pressure-chamber-topics.ts,235,in_use,送気及び排気,酸素減圧,multiple_choice,pressure_chamber,492ceeed-abce-497d-aabe-dd93c6ce1876,supabase/migrations/20260904120000_pressure_chamber_2025_10_questions.sql,384,公益財団法人安全衛生技術試験協会 令和7年10月公表 高圧室内作業主任者試験 問16,learn_fields,LOW,shared_topic_vocabulary,True,False,False,0.0,0.0,0.3032,0.301,0.6157,0.6117,0.0335,0.0333,4,0.0174,0.0,0.3535,0,0.0,False,full,23|100,23,0.2857,0.0,0.0
learn_example,pressure_chamber,pc-oxygen-deficiency,pc-oxygen-deficiency,src/lib/data/learn/pressure-chamber-topics.ts,190,in_use,送気及び排気,酸素欠乏事故の発生メカニズムと防止,multiple_choice,pressure_chamber,8a4ee372-f043-449a-8a7d-0478131d622d,supabase/migrations/20260904120100_pressure_chamber_2026_04_questions.sql,308,公益財団法人安全衛生技術試験協会 令和8年4月公表 高圧室内作業主任者試験 問12,learn_fields,LOW,shared_topic_vocabulary,True,False,False,0.0069,0.0069,0.1978,0.2004,0.5086,0.5082,0.0717,0.0714,11,0.0385,0.0,0.3333,0,0.0,False,subset,20,,0.2593,0.0855,0.0
learn_example,pressure_chamber,pc-oxygen-toxicity,pc-oxygen-toxicity,src/lib/data/learn/pressure-chamber-topics.ts,313,in_use,高気圧障害,酸素中毒とばく露量(UPTD・CPTD),multiple_choice,pressure_chamber,cf3e13f1-ab83-4f82-82b6-b4eb62ad7033,supabase/migrations/20260904120100_pressure_chamber_2026_04_questions.sql,581,公益財団法人安全衛生技術試験協会 令和8年4月公表 高圧室内作業主任者試験 問25,learn_fields,LOW,terminology_or_boilerplate,True,False,False,0.0156,0.0159,0.2022,0.2137,0.4788,0.4998,0.0634,0.0623,9,0.0336,0.0,0.2109,0,0.0,False,partial,1|50,,0.1667,0.1767,0.0
learn_example,pressure_chamber,pc-pressure-air-control,pc-pressure-air-control,src/lib/data/learn/pressure-chamber-topics.ts,143,in_use,圧気工法,作業気圧と送気量の管理,multiple_choice,pressure_chamber,3d9bd38f-341b-475c-a94b-f1a16727c6be,supabase/migrations/20260904120000_pressure_chamber_2025_10_questions.sql,216,公益財団法人安全衛生技術試験協会 令和7年10月公表 高圧室内作業主任者試験 問8,learn_fields,LOW,shared_topic_vocabulary,True,False,False,0.014,0.0139,0.2545,0.2627,0.576,0.5808,0.1062,0.1048,12,0.0583,0.0,0.3532,0,0.0,False,partial,3,,0.125,0.0,0.0
learn_example,pressure_chamber,pc-pressure-gauges,pc-pressure-gauges,src/lib/data/learn/pressure-chamber-topics.ts,413,in_use,関係法令,圧力計の設置基準,multiple_choice,pressure_chamber,10a58bbc-291f-4103-bc16-f596df7a9c04,supabase/migrations/20260904120000_pressure_chamber_2025_10_questions.sql,720,公益財団法人安全衛生技術試験協会 令和7年10月公表 高圧室内作業主任者試験 問32,learn_fields,LOW,terminology_or_boilerplate,True,False,False,0.005,0.0051,0.2327,0.2492,0.3754,0.3846,0.0656,0.0645,8,0.0352,0.0,0.3085,0,0.0,False,subset,1|200,,0.05,0.1148,0.0
learn_example,pressure_chamber,pc-pressurize-decompress,pc-pressurize-decompress,src/lib/data/learn/pressure-chamber-topics.ts,468,in_use,関係法令,加圧・減圧時の措置,multiple_choice,pressure_chamber,e163b66f-d67d-481a-95ac-317fcaab0f6f,supabase/migrations/20260904120000_pressure_chamber_2025_10_questions.sql,825,公益財団法人安全衛生技術試験協会 令和7年10月公表 高圧室内作業主任者試験 問37,learn_fields,LOW,terminology_or_boilerplate,True,False,False,0.015,0.015,0.2256,0.2222,0.4656,0.4447,0.1026,0.1008,12,0.0571,0.0,0.2872,0,0.0,False,subset,20|0.08,0.08,0.037,0.0,0.0
learn_example,pressure_chamber,pc-recompression,pc-recompression,src/lib/data/learn/pressure-chamber-topics.ts,268,in_use,送気及び排気,再圧室での再圧,multiple_choice,pressure_chamber,85482694-e35e-4649-ab3a-390fa502db8f,supabase/migrations/20260904120000_pressure_chamber_2025_10_questions.sql,447,公益財団法人安全衛生技術試験協会 令和7年10月公表 高圧室内作業主任者試験 問19,learn_fields,LOW,shared_topic_vocabulary,True,False,False,0.0042,0.0043,0.2289,0.2296,0.5093,0.5209,0.0565,0.0567,7,0.0295,0.0,0.5,0,0.0,False,none,,,0.5556,0.0408,0.0353
learn_example,pressure_chamber,pc-safety-system,pc-safety-system,src/lib/data/learn/pressure-chamber-topics.ts,501,in_use,関係法令,圧気工事の安全衛生管理体制,multiple_choice,pressure_chamber,3c188be5-df95-4ed5-a8e8-c95cc9c50cf1,supabase/migrations/20260904120000_pressure_chamber_2025_10_questions.sql,888,公益財団法人安全衛生技術試験協会 令和7年10月公表 高圧室内作業主任者試験 問40,learn_fields,LOW,shared_topic_vocabulary,True,False,False,0.0152,0.0153,0.2673,0.2654,0.6695,0.6706,0.0732,0.0723,15,0.0385,0.0,0.3542,0,0.0,False,subset,20|30,,0.381,0.0,0.0
learn_example,pressure_chamber,pc-sinking-excavation,pc-sinking-excavation,src/lib/data/learn/pressure-chamber-topics.ts,132,in_use,圧気工法,ケーソンの沈下掘削方法,multiple_choice,pressure_chamber,773182da-019f-44a4-b68c-6fb02a8517ab,supabase/migrations/20260904120100_pressure_chamber_2026_04_questions.sql,132,公益財団法人安全衛生技術試験協会 令和8年4月公表 高圧室内作業主任者試験 問4,learn_fields,LOW,terminology_or_boilerplate,True,False,False,0.0,0.0,0.2097,0.2117,0.4661,0.465,0.0424,0.0423,6,0.0225,0.0,0.2461,0,0.0,False,full,50,,0.2222,0.0,0.0
learn_example,pressure_chamber,pc-special-education,pc-special-education,src/lib/data/learn/pressure-chamber-topics.ts,435,in_use,関係法令,特別教育の対象業務,multiple_choice,pressure_chamber,118ab76e-7c65-448f-9e0c-3caac351a5b1,supabase/migrations/20260904120000_pressure_chamber_2025_10_questions.sql,762,公益財団法人安全衛生技術試験協会 令和7年10月公表 高圧室内作業主任者試験 問34,learn_fields,LOW,terminology_or_boilerplate,True,False,False,0.019,0.019,0.1712,0.1712,0.4205,0.4205,0.1089,0.1089,14,0.0667,0.0,0.1946,0,0.0,False,none,,,0.0,0.0,0.0
learn_example,pressure_chamber,pc-tunnel-shield,pc-tunnel-shield,src/lib/data/learn/pressure-chamber-topics.ts,98,in_use,圧気工法,圧気トンネル工法とシールド工法,multiple_choice,pressure_chamber,25eb128a-fb73-4694-8a95-ad4d8ebebe72,supabase/migrations/20260904120100_pressure_chamber_2026_04_questions.sql,153,公益財団法人安全衛生技術試験協会 令和8年4月公表 高圧室内作業主任者試験 問5,learn_fields,LOW,shared_topic_vocabulary,True,False,False,0.0,0.0,0.264,0.2684,0.567,0.5735,0.021,0.0207,3,0.0109,0.0,0.5556,0,0.0,False,subset,2|3,,0.375,0.0,0.0441
learn_example,pressure_chamber,pc-work-management,pc-work-management,src/lib/data/learn/pressure-chamber-topics.ts,446,in_use,関係法令,高圧室内業務の管理,multiple_choice,pressure_chamber,fc355fbf-3b2f-4a7a-a1e2-e10b06fadc5d,supabase/migrations/20260904120000_pressure_chamber_2025_10_questions.sql,783,公益財団法人安全衛生技術試験協会 令和7年10月公表 高圧室内作業主任者試験 問35,learn_fields,LOW,terminology_or_boilerplate,True,False,False,0.0063,0.0063,0.1673,0.167,0.4126,0.4058,0.0523,0.0519,9,0.0272,0.0,0.6,0,0.0,False,subset,14|0.1,,0.6364,0.0453,0.0
learn_example,pressure_chamber,pc-working-pressure,pc-working-pressure,src/lib/data/learn/pressure-chamber-topics.ts,110,in_use,圧気工法,作業気圧の計算(土質係数),multiple_choice,pressure_chamber,f8d1e03a-2bd2-4c7a-adaa-3878f0462836,supabase/migrations/20260904120000_pressure_chamber_2025_10_questions.sql,153,公益財団法人安全衛生技術試験協会 令和7年10月公表 高圧室内作業主任者試験 問5,learn_fields,LOW,terminology_or_boilerplate,True,False,False,0.0165,0.0173,0.1541,0.1532,0.3897,0.3642,0.0967,0.0963,13,0.0556,0.0,0.1749,0,0.0,False,subset,1.0|0.01,0.01|1.0,0.1053,0.0,0.0
multiple_choice,xray,0e6a7bd9-be4d-43e7-aafd-886d4ffaa80e,,supabase/migrations/20260904093529_xray_original_questions.sql,85,in_use,エックス線の管理に関する知識,エックス線と物質との相互作用について、正しいものはどれか。,multiple_choice,xray,9b4d9560-e4b2-4b0f-abe9-580c662362e1,supabase/migrations/20260903110100_xray_2026_04_questions.sql,132,公益財団法人安全衛生技術試験協会 令和8年4月公表 エックス線作業主任者試験 問4,stem+choices,LOW,short_topic_header,True,False,False,0.6667,0.6667,0.1769,0.1783,0.4274,0.4276,0.8235,0.8235,14,0.8235,0.0,0.7857,0,0.0,True,none,,,0.0,0.0,0.0
multiple_choice,xray,7bdd6ebf-56c5-4287-be0e-62eba331049c,,supabase/migrations/20260904093529_xray_original_questions.sql,4,in_use,エックス線の管理に関する知識,エックス線管の構造とエックス線の発生について、正しいものはどれか。,multiple_choice,xray,bef8f0cd-d83c-4e3a-ba05-df883fd7e279,supabase/migrations/20260903110000_xray_2025_10_questions.sql,70,公益財団法人安全衛生技術試験協会 令和7年10月公表 エックス線作業主任者試験 問1,stem+choices,LOW,short_topic_header,True,False,False,0.3333,0.3333,0.1325,0.1325,0.452,0.452,0.7,0.7,14,0.6667,0.0,0.4706,0,0.0,False,none,,,0.0,0.0,0.0
multiple_choice,xray,88661c2e-9dab-49b6-81c8-5f4d4f2d090e,,supabase/migrations/20260904093529_xray_original_questions.sql,544,in_use,エックス線の測定に関する知識,放射線に関する量と単位の組合せとして正しいものはどれか。,multiple_choice,xray,1246f74a-7fcc-4e58-bd2d-190c38776bf3,supabase/migrations/20260903110000_xray_2025_10_questions.sql,503,公益財団法人安全衛生技術試験協会 令和7年10月公表 エックス線作業主任者試験 問21,stem+choices,LOW,short_topic_header,True,False,False,0.303,0.303,0.1316,0.1316,0.0288,0.0287,0.6809,0.6809,16,0.5517,0.0,0.5333,0,0.0,False,none,,,0.0,0.0,0.0
learn_example,xray,xray-effective-dose,xray-effective-dose,src/lib/data/learn/xray-topics.ts,362,in_use,エックス線の測定に関する知識,実効線量の算定,multiple_choice,xray,3806ec43-f8fe-44fc-8ad8-9b2ec706ccac,supabase/migrations/20260903110100_xray_2026_04_questions.sql,646,公益財団法人安全衛生技術試験協会 令和8年4月公表 エックス線作業主任者試験 問28,learn_fields,LOW,terminology_or_boilerplate,True,False,False,0.1223,0.1171,0.1284,0.1309,0.4342,0.4594,0.1529,0.1553,63,0.1475,0.0,0.1944,0,0.0,False,partial,1|70|0.03|0.08|0.44|0.45,0.08|0.44|0.45,0.0168,0.0,0.009
learn_example,xray,xray-health-checkup,xray-health-checkup,src/lib/data/learn/xray-topics.ts,249,in_use,関係法令,電離放射線健康診断,multiple_choice,xray,02611a74-72e8-4d1d-85ff-aa8fd278e114,supabase/migrations/20260903110000_xray_2025_10_questions.sql,415,公益財団法人安全衛生技術試験協会 令和7年10月公表 エックス線作業主任者試験 問17,learn_fields,LOW,terminology_or_boilerplate,True,False,False,0.0216,0.0217,0.1286,0.1307,0.3464,0.3321,0.0871,0.084,21,0.0506,0.0,0.1384,0,0.0,False,none,,,0.1111,0.0,0.0
learn_example,xray,xray-work-environment-measurement,xray-work-environment-measurement,src/lib/data/learn/xray-topics.ts,271,in_use,関係法令,作業環境測定,multiple_choice,xray,55700abf-76e2-49fe-b7b3-ee518c5c48f4,supabase/migrations/20260903110000_xray_2025_10_questions.sql,461,公益財団法人安全衛生技術試験協会 令和7年10月公表 エックス線作業主任者試験 問19,learn_fields,LOW,terminology_or_boilerplate,True,False,False,0.0472,0.0482,0.1546,0.1632,0.4162,0.4084,0.0734,0.0702,19,0.0408,0.0,0.3265,0,0.0,False,partial,1|6|70,,0.08,0.0274,0.0
